relative_image_path,prompt,gt_answer,pred_answer
images/happy/happy_0.jpeg,"<bos><start_of_turn>user
<start_of_image>Is this scene happy, sad, or neutral? Answer in a single word.<end_of_turn>
<start_of_turn>model
",happy,happy
images/happy/happy_102.jpeg,"<bos><start_of_turn>user
<start_of_image>Is this scene happy, sad, or neutral? Answer in a single word.<end_of_turn>
<start_of_turn>model
",happy,happy
images/happy/happy_103.jpeg,"<bos><start_of_turn>user
<start_of_image>Is this scene happy, sad, or neutral? Answer in a single word.<end_of_turn>
<start_of_turn>model
",happy,happy
images/happy/happy_104.jpeg,"<bos><start_of_turn>user
<start_of_image>Is this scene happy, sad, or neutral? Answer in a single word.<end_of_turn>
<start_of_turn>model
",happy,happy
images/happy/happy_105.jpeg,"<bos><start_of_turn>user
<start_of_image>Is this scene happy, sad, or neutral? Answer in a single word.<end_of_turn>
<start_of_turn>model
",happy,happy
images/happy/happy_10.jpeg,"<bos><start_of_turn>user
<start_of_image>Is this scene happy, sad, or neutral? Answer in a single word.<end_of_turn>
<start_of_turn>model
",happy,happy
images/happy/happy_113.jpeg,"<bos><start_of_turn>user
<start_of_image>Is this scene happy, sad, or neutral? Answer in a single word.<end_of_turn>
<start_of_turn>model
",happy,happy
images/happy/happy_114.jpeg,"<bos><start_of_turn>user
<start_of_image>Is this scene happy, sad, or neutral? Answer in a single word.<end_of_turn>
<start_of_turn>model
",happy,happy
images/happy/happy_11.jpeg,"<bos><start_of_turn>user
<start_of_image>Is this scene happy, sad, or neutral? Answer in a single word.<end_of_turn>
<start_of_turn>model
",happy,happy
images/happy/happy_12.jpeg,"<bos><start_of_turn>user
<start_of_image>Is this scene happy, sad, or neutral? Answer in a single word.<end_of_turn>
<start_of_turn>model
",happy,happy
images/happy/happy_13.jpeg,"<bos><start_of_turn>user
<start_of_image>Is this scene happy, sad, or neutral? Answer in a single word.<end_of_turn>
<start_of_turn>model
",happy,happy
images/happy/happy_14.jpeg,"<bos><start_of_turn>user
<start_of_image>Is this scene happy, sad, or neutral? Answer in a single word.<end_of_turn>
<start_of_turn>model
",happy,happy
images/happy/happy_15.jpeg,"<bos><start_of_turn>user
<start_of_image>Is this scene happy, sad, or neutral? Answer in a single word.<end_of_turn>
<start_of_turn>model
",happy,happy
images/happy/happy_16.jpeg,"<bos><start_of_turn>user
<start_of_image>Is this scene happy, sad, or neutral? Answer in a single word.<end_of_turn>
<start_of_turn>model
",happy,happy
images/happy/happy_17.jpeg,"<bos><start_of_turn>user
<start_of_image>Is this scene happy, sad, or neutral? Answer in a single word.<end_of_turn>
<start_of_turn>model
",happy,happy
images/happy/happy_18.jpeg,"<bos><start_of_turn>user
<start_of_image>Is this scene happy, sad, or neutral? Answer in a single word.<end_of_turn>
<start_of_turn>model
",happy,happy
images/happy/happy_19.jpeg,"<bos><start_of_turn>user
<start_of_image>Is this scene happy, sad, or neutral? Answer in a single word.<end_of_turn>
<start_of_turn>model
",happy,happy
images/happy/happy_1.jpeg,"<bos><start_of_turn>user
<start_of_image>Is this scene happy, sad, or neutral? Answer in a single word.<end_of_turn>
<start_of_turn>model
",happy,happy
images/happy/happy_21.jpeg,"<bos><start_of_turn>user
<start_of_image>Is this scene happy, sad, or neutral? Answer in a single word.<end_of_turn>
<start_of_turn>model
",happy,happy
images/happy/happy_22.jpeg,"<bos><start_of_turn>user
<start_of_image>Is this scene happy, sad, or neutral? Answer in a single word.<end_of_turn>
<start_of_turn>model
",happy,happy
images/happy/happy_23.jpeg,"<bos><start_of_turn>user
<start_of_image>Is this scene happy, sad, or neutral? Answer in a single word.<end_of_turn>
<start_of_turn>model
",happy,happy
images/happy/happy_24.jpeg,"<bos><start_of_turn>user
<start_of_image>Is this scene happy, sad, or neutral? Answer in a single word.<end_of_turn>
<start_of_turn>model
",happy,happy
images/happy/happy_25.jpeg,"<bos><start_of_turn>user
<start_of_image>Is this scene happy, sad, or neutral? Answer in a single word.<end_of_turn>
<start_of_turn>model
",happy,happy
images/happy/happy_26.jpeg,"<bos><start_of_turn>user
<start_of_image>Is this scene happy, sad, or neutral? Answer in a single word.<end_of_turn>
<start_of_turn>model
",happy,happy
images/happy/happy_28.jpeg,"<bos><start_of_turn>user
<start_of_image>Is this scene happy, sad, or neutral? Answer in a single word.<end_of_turn>
<start_of_turn>model
",happy,happy
images/happy/happy_2.jpeg,"<bos><start_of_turn>user
<start_of_image>Is this scene happy, sad, or neutral? Answer in a single word.<end_of_turn>
<start_of_turn>model
",happy,happy
images/happy/happy_30.jpeg,"<bos><start_of_turn>user
<start_of_image>Is this scene happy, sad, or neutral? Answer in a single word.<end_of_turn>
<start_of_turn>model
",happy,happy
images/happy/happy_31.jpeg,"<bos><start_of_turn>user
<start_of_image>Is this scene happy, sad, or neutral? Answer in a single word.<end_of_turn>
<start_of_turn>model
",happy,happy
images/happy/happy_32.jpeg,"<bos><start_of_turn>user
<start_of_image>Is this scene happy, sad, or neutral? Answer in a single word.<end_of_turn>
<start_of_turn>model
",happy,happy
images/happy/happy_33.jpeg,"<bos><start_of_turn>user
<start_of_image>Is this scene happy, sad, or neutral? Answer in a single word.<end_of_turn>
<start_of_turn>model
",happy,happy
images/happy/happy_34.jpeg,"<bos><start_of_turn>user
<start_of_image>Is this scene happy, sad, or neutral? Answer in a single word.<end_of_turn>
<start_of_turn>model
",happy,happy
images/happy/happy_35.jpeg,"<bos><start_of_turn>user
<start_of_image>Is this scene happy, sad, or neutral? Answer in a single word.<end_of_turn>
<start_of_turn>model
",happy,happy
images/happy/happy_36.jpeg,"<bos><start_of_turn>user
<start_of_image>Is this scene happy, sad, or neutral? Answer in a single word.<end_of_turn>
<start_of_turn>model
",happy,happy
images/happy/happy_38.jpeg,"<bos><start_of_turn>user
<start_of_image>Is this scene happy, sad, or neutral? Answer in a single word.<end_of_turn>
<start_of_turn>model
",happy,happy
images/happy/happy_39.jpeg,"<bos><start_of_turn>user
<start_of_image>Is this scene happy, sad, or neutral? Answer in a single word.<end_of_turn>
<start_of_turn>model
",happy,happy
images/happy/happy_3.jpeg,"<bos><start_of_turn>user
<start_of_image>Is this scene happy, sad, or neutral? Answer in a single word.<end_of_turn>
<start_of_turn>model
",happy,happy
images/happy/happy_40.jpeg,"<bos><start_of_turn>user
<start_of_image>Is this scene happy, sad, or neutral? Answer in a single word.<end_of_turn>
<start_of_turn>model
",happy,happy
images/happy/happy_41.jpeg,"<bos><start_of_turn>user
<start_of_image>Is this scene happy, sad, or neutral? Answer in a single word.<end_of_turn>
<start_of_turn>model
",happy,happy
images/happy/happy_42.jpeg,"<bos><start_of_turn>user
<start_of_image>Is this scene happy, sad, or neutral? Answer in a single word.<end_of_turn>
<start_of_turn>model
",happy,happy
images/happy/happy_44.jpeg,"<bos><start_of_turn>user
<start_of_image>Is this scene happy, sad, or neutral? Answer in a single word.<end_of_turn>
<start_of_turn>model
",happy,happy
images/happy/happy_45.jpeg,"<bos><start_of_turn>user
<start_of_image>Is this scene happy, sad, or neutral? Answer in a single word.<end_of_turn>
<start_of_turn>model
",happy,happy
images/happy/happy_46.jpeg,"<bos><start_of_turn>user
<start_of_image>Is this scene happy, sad, or neutral? Answer in a single word.<end_of_turn>
<start_of_turn>model
",happy,happy
images/happy/happy_47.jpeg,"<bos><start_of_turn>user
<start_of_image>Is this scene happy, sad, or neutral? Answer in a single word.<end_of_turn>
<start_of_turn>model
",happy,happy
images/happy/happy_48.jpeg,"<bos><start_of_turn>user
<start_of_image>Is this scene happy, sad, or neutral? Answer in a single word.<end_of_turn>
<start_of_turn>model
",happy,happy
images/happy/happy_49.jpeg,"<bos><start_of_turn>user
<start_of_image>Is this scene happy, sad, or neutral? Answer in a single word.<end_of_turn>
<start_of_turn>model
",happy,happy
images/happy/happy_4.jpeg,"<bos><start_of_turn>user
<start_of_image>Is this scene happy, sad, or neutral? Answer in a single word.<end_of_turn>
<start_of_turn>model
",happy,happy
images/happy/happy_50.jpeg,"<bos><start_of_turn>user
<start_of_image>Is this scene happy, sad, or neutral? Answer in a single word.<end_of_turn>
<start_of_turn>model
",happy,happy
images/happy/happy_51.jpeg,"<bos><start_of_turn>user
<start_of_image>Is this scene happy, sad, or neutral? Answer in a single word.<end_of_turn>
<start_of_turn>model
",happy,happy
images/happy/happy_52.jpeg,"<bos><start_of_turn>user
<start_of_image>Is this scene happy, sad, or neutral? Answer in a single word.<end_of_turn>
<start_of_turn>model
",happy,happy
images/happy/happy_54.jpeg,"<bos><start_of_turn>user
<start_of_image>Is this scene happy, sad, or neutral? Answer in a single word.<end_of_turn>
<start_of_turn>model
",happy,happy
images/happy/happy_56.jpeg,"<bos><start_of_turn>user
<start_of_image>Is this scene happy, sad, or neutral? Answer in a single word.<end_of_turn>
<start_of_turn>model
",happy,happy
images/happy/happy_58.jpeg,"<bos><start_of_turn>user
<start_of_image>Is this scene happy, sad, or neutral? Answer in a single word.<end_of_turn>
<start_of_turn>model
",happy,happy
images/happy/happy_59.jpeg,"<bos><start_of_turn>user
<start_of_image>Is this scene happy, sad, or neutral? Answer in a single word.<end_of_turn>
<start_of_turn>model
",happy,happy
images/happy/happy_5.jpeg,"<bos><start_of_turn>user
<start_of_image>Is this scene happy, sad, or neutral? Answer in a single word.<end_of_turn>
<start_of_turn>model
",happy,happy
images/happy/happy_60.jpeg,"<bos><start_of_turn>user
<start_of_image>Is this scene happy, sad, or neutral? Answer in a single word.<end_of_turn>
<start_of_turn>model
",happy,happy
images/happy/happy_61.jpeg,"<bos><start_of_turn>user
<start_of_image>Is this scene happy, sad, or neutral? Answer in a single word.<end_of_turn>
<start_of_turn>model
",happy,happy
images/happy/happy_62.jpeg,"<bos><start_of_turn>user
<start_of_image>Is this scene happy, sad, or neutral? Answer in a single word.<end_of_turn>
<start_of_turn>model
",happy,happy
images/happy/happy_63.jpeg,"<bos><start_of_turn>user
<start_of_image>Is this scene happy, sad, or neutral? Answer in a single word.<end_of_turn>
<start_of_turn>model
",happy,happy
images/happy/happy_64.jpeg,"<bos><start_of_turn>user
<start_of_image>Is this scene happy, sad, or neutral? Answer in a single word.<end_of_turn>
<start_of_turn>model
",happy,happy
images/happy/happy_65.jpeg,"<bos><start_of_turn>user
<start_of_image>Is this scene happy, sad, or neutral? Answer in a single word.<end_of_turn>
<start_of_turn>model
",happy,happy
images/happy/happy_66.jpeg,"<bos><start_of_turn>user
<start_of_image>Is this scene happy, sad, or neutral? Answer in a single word.<end_of_turn>
<start_of_turn>model
",happy,happy
images/happy/happy_68.jpeg,"<bos><start_of_turn>user
<start_of_image>Is this scene happy, sad, or neutral? Answer in a single word.<end_of_turn>
<start_of_turn>model
",happy,happy
images/happy/happy_69.jpeg,"<bos><start_of_turn>user
<start_of_image>Is this scene happy, sad, or neutral? Answer in a single word.<end_of_turn>
<start_of_turn>model
",happy,happy
images/happy/happy_6.jpeg,"<bos><start_of_turn>user
<start_of_image>Is this scene happy, sad, or neutral? Answer in a single word.<end_of_turn>
<start_of_turn>model
",happy,happy
images/happy/happy_70.jpeg,"<bos><start_of_turn>user
<start_of_image>Is this scene happy, sad, or neutral? Answer in a single word.<end_of_turn>
<start_of_turn>model
",happy,happy
images/happy/happy_71.jpeg,"<bos><start_of_turn>user
<start_of_image>Is this scene happy, sad, or neutral? Answer in a single word.<end_of_turn>
<start_of_turn>model
",happy,happy
images/happy/happy_78.jpeg,"<bos><start_of_turn>user
<start_of_image>Is this scene happy, sad, or neutral? Answer in a single word.<end_of_turn>
<start_of_turn>model
",happy,happy
images/happy/happy_79.jpeg,"<bos><start_of_turn>user
<start_of_image>Is this scene happy, sad, or neutral? Answer in a single word.<end_of_turn>
<start_of_turn>model
",happy,happy
images/happy/happy_7.jpeg,"<bos><start_of_turn>user
<start_of_image>Is this scene happy, sad, or neutral? Answer in a single word.<end_of_turn>
<start_of_turn>model
",happy,happy
images/happy/happy_80.jpeg,"<bos><start_of_turn>user
<start_of_image>Is this scene happy, sad, or neutral? Answer in a single word.<end_of_turn>
<start_of_turn>model
",happy,happy
images/happy/happy_82.jpeg,"<bos><start_of_turn>user
<start_of_image>Is this scene happy, sad, or neutral? Answer in a single word.<end_of_turn>
<start_of_turn>model
",happy,happy
images/happy/happy_83.jpeg,"<bos><start_of_turn>user
<start_of_image>Is this scene happy, sad, or neutral? Answer in a single word.<end_of_turn>
<start_of_turn>model
",happy,happy
images/happy/happy_84.jpeg,"<bos><start_of_turn>user
<start_of_image>Is this scene happy, sad, or neutral? Answer in a single word.<end_of_turn>
<start_of_turn>model
",happy,happy
images/happy/happy_85.jpeg,"<bos><start_of_turn>user
<start_of_image>Is this scene happy, sad, or neutral? Answer in a single word.<end_of_turn>
<start_of_turn>model
",happy,happy
images/happy/happy_88.jpeg,"<bos><start_of_turn>user
<start_of_image>Is this scene happy, sad, or neutral? Answer in a single word.<end_of_turn>
<start_of_turn>model
",happy,happy
images/happy/happy_89.jpeg,"<bos><start_of_turn>user
<start_of_image>Is this scene happy, sad, or neutral? Answer in a single word.<end_of_turn>
<start_of_turn>model
",happy,happy
images/happy/happy_8.jpeg,"<bos><start_of_turn>user
<start_of_image>Is this scene happy, sad, or neutral? Answer in a single word.<end_of_turn>
<start_of_turn>model
",happy,happy
images/happy/happy_90.jpeg,"<bos><start_of_turn>user
<start_of_image>Is this scene happy, sad, or neutral? Answer in a single word.<end_of_turn>
<start_of_turn>model
",happy,happy
images/happy/happy_91.jpeg,"<bos><start_of_turn>user
<start_of_image>Is this scene happy, sad, or neutral? Answer in a single word.<end_of_turn>
<start_of_turn>model
",happy,happy
images/happy/happy_92.jpeg,"<bos><start_of_turn>user
<start_of_image>Is this scene happy, sad, or neutral? Answer in a single word.<end_of_turn>
<start_of_turn>model
",happy,happy
images/happy/happy_93.jpeg,"<bos><start_of_turn>user
<start_of_image>Is this scene happy, sad, or neutral? Answer in a single word.<end_of_turn>
<start_of_turn>model
",happy,happy
images/happy/happy_94.jpeg,"<bos><start_of_turn>user
<start_of_image>Is this scene happy, sad, or neutral? Answer in a single word.<end_of_turn>
<start_of_turn>model
",happy,happy
images/happy/happy_97.jpeg,"<bos><start_of_turn>user
<start_of_image>Is this scene happy, sad, or neutral? Answer in a single word.<end_of_turn>
<start_of_turn>model
",happy,happy
images/happy/happy_98.jpeg,"<bos><start_of_turn>user
<start_of_image>Is this scene happy, sad, or neutral? Answer in a single word.<end_of_turn>
<start_of_turn>model
",happy,happy
images/happy/happy_99.jpeg,"<bos><start_of_turn>user
<start_of_image>Is this scene happy, sad, or neutral? Answer in a single word.<end_of_turn>
<start_of_turn>model
",happy,happy
images/happy/happy_9.jpeg,"<bos><start_of_turn>user
<start_of_image>Is this scene happy, sad, or neutral? Answer in a single word.<end_of_turn>
<start_of_turn>model
",happy,happy
images/sad/sad_0.jpeg,"<bos><start_of_turn>user
<start_of_image>Is this scene happy, sad, or neutral? Answer in a single word.<end_of_turn>
<start_of_turn>model
",sad,sad
images/sad/sad_102.jpeg,"<bos><start_of_turn>user
<start_of_image>Is this scene happy, sad, or neutral? Answer in a single word.<end_of_turn>
<start_of_turn>model
",sad,sad
images/sad/sad_103.jpeg,"<bos><start_of_turn>user
<start_of_image>Is this scene happy, sad, or neutral? Answer in a single word.<end_of_turn>
<start_of_turn>model
",sad,sad
images/sad/sad_107.jpeg,"<bos><start_of_turn>user
<start_of_image>Is this scene happy, sad, or neutral? Answer in a single word.<end_of_turn>
<start_of_turn>model
",sad,sad
images/sad/sad_10.jpeg,"<bos><start_of_turn>user
<start_of_image>Is this scene happy, sad, or neutral? Answer in a single word.<end_of_turn>
<start_of_turn>model
",sad,sad
images/sad/sad_11.jpeg,"<bos><start_of_turn>user
<start_of_image>Is this scene happy, sad, or neutral? Answer in a single word.<end_of_turn>
<start_of_turn>model
",sad,sad
images/sad/sad_12.jpeg,"<bos><start_of_turn>user
<start_of_image>Is this scene happy, sad, or neutral? Answer in a single word.<end_of_turn>
<start_of_turn>model
",sad,sad
images/sad/sad_13.jpeg,"<bos><start_of_turn>user
<start_of_image>Is this scene happy, sad, or neutral? Answer in a single word.<end_of_turn>
<start_of_turn>model
",sad,sad
images/sad/sad_14.jpeg,"<bos><start_of_turn>user
<start_of_image>Is this scene happy, sad, or neutral? Answer in a single word.<end_of_turn>
<start_of_turn>model
",sad,sad
images/sad/sad_15.jpeg,"<bos><start_of_turn>user
<start_of_image>Is this scene happy, sad, or neutral? Answer in a single word.<end_of_turn>
<start_of_turn>model
",sad,neutral
images/sad/sad_16.jpeg,"<bos><start_of_turn>user
<start_of_image>Is this scene happy, sad, or neutral? Answer in a single word.<end_of_turn>
<start_of_turn>model
",sad,sad
images/sad/sad_17.jpeg,"<bos><start_of_turn>user
<start_of_image>Is this scene happy, sad, or neutral? Answer in a single word.<end_of_turn>
<start_of_turn>model
",sad,sad
images/sad/sad_18.jpeg,"<bos><start_of_turn>user
<start_of_image>Is this scene happy, sad, or neutral? Answer in a single word.<end_of_turn>
<start_of_turn>model
",sad,sad
images/sad/sad_19.jpeg,"<bos><start_of_turn>user
<start_of_image>Is this scene happy, sad, or neutral? Answer in a single word.<end_of_turn>
<start_of_turn>model
",sad,sad
images/sad/sad_1.jpeg,"<bos><start_of_turn>user
<start_of_image>Is this scene happy, sad, or neutral? Answer in a single word.<end_of_turn>
<start_of_turn>model
",sad,sad
images/sad/sad_22.jpeg,"<bos><start_of_turn>user
<start_of_image>Is this scene happy, sad, or neutral? Answer in a single word.<end_of_turn>
<start_of_turn>model
",sad,sad
images/sad/sad_24.jpeg,"<bos><start_of_turn>user
<start_of_image>Is this scene happy, sad, or neutral? Answer in a single word.<end_of_turn>
<start_of_turn>model
",sad,sad
images/sad/sad_25.jpeg,"<bos><start_of_turn>user
<start_of_image>Is this scene happy, sad, or neutral? Answer in a single word.<end_of_turn>
<start_of_turn>model
",sad,sad
images/sad/sad_26.jpeg,"<bos><start_of_turn>user
<start_of_image>Is this scene happy, sad, or neutral? Answer in a single word.<end_of_turn>
<start_of_turn>model
",sad,sad
images/sad/sad_27.jpeg,"<bos><start_of_turn>user
<start_of_image>Is this scene happy, sad, or neutral? Answer in a single word.<end_of_turn>
<start_of_turn>model
",sad,sad
images/sad/sad_29.jpeg,"<bos><start_of_turn>user
<start_of_image>Is this scene happy, sad, or neutral? Answer in a single word.<end_of_turn>
<start_of_turn>model
",sad,sad
images/sad/sad_33.jpeg,"<bos><start_of_turn>user
<start_of_image>Is this scene happy, sad, or neutral? Answer in a single word.<end_of_turn>
<start_of_turn>model
",sad,neutral
images/sad/sad_34.jpeg,"<bos><start_of_turn>user
<start_of_image>Is this scene happy, sad, or neutral? Answer in a single word.<end_of_turn>
<start_of_turn>model
",sad,sad
images/sad/sad_35.jpeg,"<bos><start_of_turn>user
<start_of_image>Is this scene happy, sad, or neutral? Answer in a single word.<end_of_turn>
<start_of_turn>model
",sad,happy
images/sad/sad_36.jpeg,"<bos><start_of_turn>user
<start_of_image>Is this scene happy, sad, or neutral? Answer in a single word.<end_of_turn>
<start_of_turn>model
",sad,sad
images/sad/sad_37.jpeg,"<bos><start_of_turn>user
<start_of_image>Is this scene happy, sad, or neutral? Answer in a single word.<end_of_turn>
<start_of_turn>model
",sad,sad
images/sad/sad_38.jpeg,"<bos><start_of_turn>user
<start_of_image>Is this scene happy, sad, or neutral? Answer in a single word.<end_of_turn>
<start_of_turn>model
",sad,sad
images/sad/sad_40.jpeg,"<bos><start_of_turn>user
<start_of_image>Is this scene happy, sad, or neutral? Answer in a single word.<end_of_turn>
<start_of_turn>model
",sad,sad
images/sad/sad_46.jpeg,"<bos><start_of_turn>user
<start_of_image>Is this scene happy, sad, or neutral? Answer in a single word.<end_of_turn>
<start_of_turn>model
",sad,sad
images/sad/sad_47.jpeg,"<bos><start_of_turn>user
<start_of_image>Is this scene happy, sad, or neutral? Answer in a single word.<end_of_turn>
<start_of_turn>model
",sad,sad
images/sad/sad_49.jpeg,"<bos><start_of_turn>user
<start_of_image>Is this scene happy, sad, or neutral? Answer in a single word.<end_of_turn>
<start_of_turn>model
",sad,sad
images/sad/sad_50.jpeg,"<bos><start_of_turn>user
<start_of_image>Is this scene happy, sad, or neutral? Answer in a single word.<end_of_turn>
<start_of_turn>model
",sad,neutral
images/sad/sad_52.jpeg,"<bos><start_of_turn>user
<start_of_image>Is this scene happy, sad, or neutral? Answer in a single word.<end_of_turn>
<start_of_turn>model
",sad,sad
images/sad/sad_55.jpeg,"<bos><start_of_turn>user
<start_of_image>Is this scene happy, sad, or neutral? Answer in a single word.<end_of_turn>
<start_of_turn>model
",sad,sad
images/sad/sad_56.jpeg,"<bos><start_of_turn>user
<start_of_image>Is this scene happy, sad, or neutral? Answer in a single word.<end_of_turn>
<start_of_turn>model
",sad,sad
images/sad/sad_57.jpeg,"<bos><start_of_turn>user
<start_of_image>Is this scene happy, sad, or neutral? Answer in a single word.<end_of_turn>
<start_of_turn>model
",sad,sad
images/sad/sad_58.jpeg,"<bos><start_of_turn>user
<start_of_image>Is this scene happy, sad, or neutral? Answer in a single word.<end_of_turn>
<start_of_turn>model
",sad,sad
images/sad/sad_60.jpeg,"<bos><start_of_turn>user
<start_of_image>Is this scene happy, sad, or neutral? Answer in a single word.<end_of_turn>
<start_of_turn>model
",sad,sad
images/sad/sad_61.jpeg,"<bos><start_of_turn>user
<start_of_image>Is this scene happy, sad, or neutral? Answer in a single word.<end_of_turn>
<start_of_turn>model
",sad,sad
images/sad/sad_64.jpeg,"<bos><start_of_turn>user
<start_of_image>Is this scene happy, sad, or neutral? Answer in a single word.<end_of_turn>
<start_of_turn>model
",sad,sad
images/sad/sad_66.jpeg,"<bos><start_of_turn>user
<start_of_image>Is this scene happy, sad, or neutral? Answer in a single word.<end_of_turn>
<start_of_turn>model
",sad,sad
images/sad/sad_67.jpeg,"<bos><start_of_turn>user
<start_of_image>Is this scene happy, sad, or neutral? Answer in a single word.<end_of_turn>
<start_of_turn>model
",sad,sad
images/sad/sad_68.jpeg,"<bos><start_of_turn>user
<start_of_image>Is this scene happy, sad, or neutral? Answer in a single word.<end_of_turn>
<start_of_turn>model
",sad,sad
images/sad/sad_69.jpeg,"<bos><start_of_turn>user
<start_of_image>Is this scene happy, sad, or neutral? Answer in a single word.<end_of_turn>
<start_of_turn>model
",sad,sad
images/sad/sad_6.jpeg,"<bos><start_of_turn>user
<start_of_image>Is this scene happy, sad, or neutral? Answer in a single word.<end_of_turn>
<start_of_turn>model
",sad,sad
images/sad/sad_71.jpeg,"<bos><start_of_turn>user
<start_of_image>Is this scene happy, sad, or neutral? Answer in a single word.<end_of_turn>
<start_of_turn>model
",sad,sad
images/sad/sad_72.jpeg,"<bos><start_of_turn>user
<start_of_image>Is this scene happy, sad, or neutral? Answer in a single word.<end_of_turn>
<start_of_turn>model
",sad,sad
images/sad/sad_73.jpeg,"<bos><start_of_turn>user
<start_of_image>Is this scene happy, sad, or neutral? Answer in a single word.<end_of_turn>
<start_of_turn>model
",sad,sad
images/sad/sad_74.jpeg,"<bos><start_of_turn>user
<start_of_image>Is this scene happy, sad, or neutral? Answer in a single word.<end_of_turn>
<start_of_turn>model
",sad,sad
images/sad/sad_75.jpeg,"<bos><start_of_turn>user
<start_of_image>Is this scene happy, sad, or neutral? Answer in a single word.<end_of_turn>
<start_of_turn>model
",sad,sad
images/sad/sad_76.jpeg,"<bos><start_of_turn>user
<start_of_image>Is this scene happy, sad, or neutral? Answer in a single word.<end_of_turn>
<start_of_turn>model
",sad,sad
images/sad/sad_77.jpeg,"<bos><start_of_turn>user
<start_of_image>Is this scene happy, sad, or neutral? Answer in a single word.<end_of_turn>
<start_of_turn>model
",sad,neutral
images/sad/sad_78.jpeg,"<bos><start_of_turn>user
<start_of_image>Is this scene happy, sad, or neutral? Answer in a single word.<end_of_turn>
<start_of_turn>model
",sad,sad
images/sad/sad_79.jpeg,"<bos><start_of_turn>user
<start_of_image>Is this scene happy, sad, or neutral? Answer in a single word.<end_of_turn>
<start_of_turn>model
",sad,sad
images/sad/sad_81.jpeg,"<bos><start_of_turn>user
<start_of_image>Is this scene happy, sad, or neutral? Answer in a single word.<end_of_turn>
<start_of_turn>model
",sad,sad
images/sad/sad_86.jpeg,"<bos><start_of_turn>user
<start_of_image>Is this scene happy, sad, or neutral? Answer in a single word.<end_of_turn>
<start_of_turn>model
",sad,sad
images/sad/sad_88.jpeg,"<bos><start_of_turn>user
<start_of_image>Is this scene happy, sad, or neutral? Answer in a single word.<end_of_turn>
<start_of_turn>model
",sad,happy
images/sad/sad_8.jpeg,"<bos><start_of_turn>user
<start_of_image>Is this scene happy, sad, or neutral? Answer in a single word.<end_of_turn>
<start_of_turn>model
",sad,neutral
images/sad/sad_91.jpeg,"<bos><start_of_turn>user
<start_of_image>Is this scene happy, sad, or neutral? Answer in a single word.<end_of_turn>
<start_of_turn>model
",sad,sad
images/sad/sad_92.jpeg,"<bos><start_of_turn>user
<start_of_image>Is this scene happy, sad, or neutral? Answer in a single word.<end_of_turn>
<start_of_turn>model
",sad,sad
images/sad/sad_93.jpeg,"<bos><start_of_turn>user
<start_of_image>Is this scene happy, sad, or neutral? Answer in a single word.<end_of_turn>
<start_of_turn>model
",sad,sad
images/sad/sad_94.jpeg,"<bos><start_of_turn>user
<start_of_image>Is this scene happy, sad, or neutral? Answer in a single word.<end_of_turn>
<start_of_turn>model
",sad,neutral
images/sad/sad_96.jpeg,"<bos><start_of_turn>user
<start_of_image>Is this scene happy, sad, or neutral? Answer in a single word.<end_of_turn>
<start_of_turn>model
",sad,sad
images/sad/sad_98.jpeg,"<bos><start_of_turn>user
<start_of_image>Is this scene happy, sad, or neutral? Answer in a single word.<end_of_turn>
<start_of_turn>model
",sad,sad
images/sad/sad_9.jpeg,"<bos><start_of_turn>user
<start_of_image>Is this scene happy, sad, or neutral? Answer in a single word.<end_of_turn>
<start_of_turn>model
",sad,sad
images/neutral/neutral_0.jpeg,"<bos><start_of_turn>user
<start_of_image>Is this scene happy, sad, or neutral? Answer in a single word.<end_of_turn>
<start_of_turn>model
",neutral,neutral
images/neutral/neutral_100.jpeg,"<bos><start_of_turn>user
<start_of_image>Is this scene happy, sad, or neutral? Answer in a single word.<end_of_turn>
<start_of_turn>model
",neutral,neutral
images/neutral/neutral_101.jpeg,"<bos><start_of_turn>user
<start_of_image>Is this scene happy, sad, or neutral? Answer in a single word.<end_of_turn>
<start_of_turn>model
",neutral,neutral
images/neutral/neutral_10.jpeg,"<bos><start_of_turn>user
<start_of_image>Is this scene happy, sad, or neutral? Answer in a single word.<end_of_turn>
<start_of_turn>model
",neutral,neutral
images/neutral/neutral_11.jpeg,"<bos><start_of_turn>user
<start_of_image>Is this scene happy, sad, or neutral? Answer in a single word.<end_of_turn>
<start_of_turn>model
",neutral,neutral
images/neutral/neutral_12.jpeg,"<bos><start_of_turn>user
<start_of_image>Is this scene happy, sad, or neutral? Answer in a single word.<end_of_turn>
<start_of_turn>model
",neutral,neutral
images/neutral/neutral_13.jpeg,"<bos><start_of_turn>user
<start_of_image>Is this scene happy, sad, or neutral? Answer in a single word.<end_of_turn>
<start_of_turn>model
",neutral,sad
images/neutral/neutral_14.jpeg,"<bos><start_of_turn>user
<start_of_image>Is this scene happy, sad, or neutral? Answer in a single word.<end_of_turn>
<start_of_turn>model
",neutral,neutral
images/neutral/neutral_15.jpeg,"<bos><start_of_turn>user
<start_of_image>Is this scene happy, sad, or neutral? Answer in a single word.<end_of_turn>
<start_of_turn>model
",neutral,neutral
images/neutral/neutral_16.jpeg,"<bos><start_of_turn>user
<start_of_image>Is this scene happy, sad, or neutral? Answer in a single word.<end_of_turn>
<start_of_turn>model
",neutral,neutral
images/neutral/neutral_17.jpeg,"<bos><start_of_turn>user
<start_of_image>Is this scene happy, sad, or neutral? Answer in a single word.<end_of_turn>
<start_of_turn>model
",neutral,neutral
images/neutral/neutral_18.jpeg,"<bos><start_of_turn>user
<start_of_image>Is this scene happy, sad, or neutral? Answer in a single word.<end_of_turn>
<start_of_turn>model
",neutral,happy
images/neutral/neutral_19.jpeg,"<bos><start_of_turn>user
<start_of_image>Is this scene happy, sad, or neutral? Answer in a single word.<end_of_turn>
<start_of_turn>model
",neutral,neutral
images/neutral/neutral_1.jpeg,"<bos><start_of_turn>user
<start_of_image>Is this scene happy, sad, or neutral? Answer in a single word.<end_of_turn>
<start_of_turn>model
",neutral,neutral
images/neutral/neutral_20.jpeg,"<bos><start_of_turn>user
<start_of_image>Is this scene happy, sad, or neutral? Answer in a single word.<end_of_turn>
<start_of_turn>model
",neutral,neutral
images/neutral/neutral_21.jpeg,"<bos><start_of_turn>user
<start_of_image>Is this scene happy, sad, or neutral? Answer in a single word.<end_of_turn>
<start_of_turn>model
",neutral,neutral
images/neutral/neutral_22.jpeg,"<bos><start_of_turn>user
<start_of_image>Is this scene happy, sad, or neutral? Answer in a single word.<end_of_turn>
<start_of_turn>model
",neutral,happy
images/neutral/neutral_23.jpeg,"<bos><start_of_turn>user
<start_of_image>Is this scene happy, sad, or neutral? Answer in a single word.<end_of_turn>
<start_of_turn>model
",neutral,neutral
images/neutral/neutral_24.jpeg,"<bos><start_of_turn>user
<start_of_image>Is this scene happy, sad, or neutral? Answer in a single word.<end_of_turn>
<start_of_turn>model
",neutral,neutral
images/neutral/neutral_25.jpeg,"<bos><start_of_turn>user
<start_of_image>Is this scene happy, sad, or neutral? Answer in a single word.<end_of_turn>
<start_of_turn>model
",neutral,neutral
images/neutral/neutral_26.jpeg,"<bos><start_of_turn>user
<start_of_image>Is this scene happy, sad, or neutral? Answer in a single word.<end_of_turn>
<start_of_turn>model
",neutral,neutral
images/neutral/neutral_27.jpeg,"<bos><start_of_turn>user
<start_of_image>Is this scene happy, sad, or neutral? Answer in a single word.<end_of_turn>
<start_of_turn>model
",neutral,neutral
images/neutral/neutral_28.jpeg,"<bos><start_of_turn>user
<start_of_image>Is this scene happy, sad, or neutral? Answer in a single word.<end_of_turn>
<start_of_turn>model
",neutral,happy
images/neutral/neutral_29.jpeg,"<bos><start_of_turn>user
<start_of_image>Is this scene happy, sad, or neutral? Answer in a single word.<end_of_turn>
<start_of_turn>model
",neutral,neutral
images/neutral/neutral_2.jpeg,"<bos><start_of_turn>user
<start_of_image>Is this scene happy, sad, or neutral? Answer in a single word.<end_of_turn>
<start_of_turn>model
",neutral,neutral
images/neutral/neutral_30.jpeg,"<bos><start_of_turn>user
<start_of_image>Is this scene happy, sad, or neutral? Answer in a single word.<end_of_turn>
<start_of_turn>model
",neutral,neutral
images/neutral/neutral_31.jpeg,"<bos><start_of_turn>user
<start_of_image>Is this scene happy, sad, or neutral? Answer in a single word.<end_of_turn>
<start_of_turn>model
",neutral,neutral
images/neutral/neutral_32.jpeg,"<bos><start_of_turn>user
<start_of_image>Is this scene happy, sad, or neutral? Answer in a single word.<end_of_turn>
<start_of_turn>model
",neutral,neutral
images/neutral/neutral_33.jpeg,"<bos><start_of_turn>user
<start_of_image>Is this scene happy, sad, or neutral? Answer in a single word.<end_of_turn>
<start_of_turn>model
",neutral,neutral
images/neutral/neutral_34.jpeg,"<bos><start_of_turn>user
<start_of_image>Is this scene happy, sad, or neutral? Answer in a single word.<end_of_turn>
<start_of_turn>model
",neutral,neutral
images/neutral/neutral_35.jpeg,"<bos><start_of_turn>user
<start_of_image>Is this scene happy, sad, or neutral? Answer in a single word.<end_of_turn>
<start_of_turn>model
",neutral,happy
images/neutral/neutral_37.jpeg,"<bos><start_of_turn>user
<start_of_image>Is this scene happy, sad, or neutral? Answer in a single word.<end_of_turn>
<start_of_turn>model
",neutral,neutral
images/neutral/neutral_38.jpeg,"<bos><start_of_turn>user
<start_of_image>Is this scene happy, sad, or neutral? Answer in a single word.<end_of_turn>
<start_of_turn>model
",neutral,neutral
images/neutral/neutral_39.jpeg,"<bos><start_of_turn>user
<start_of_image>Is this scene happy, sad, or neutral? Answer in a single word.<end_of_turn>
<start_of_turn>model
",neutral,neutral
images/neutral/neutral_3.jpeg,"<bos><start_of_turn>user
<start_of_image>Is this scene happy, sad, or neutral? Answer in a single word.<end_of_turn>
<start_of_turn>model
",neutral,neutral
images/neutral/neutral_40.jpeg,"<bos><start_of_turn>user
<start_of_image>Is this scene happy, sad, or neutral? Answer in a single word.<end_of_turn>
<start_of_turn>model
",neutral,neutral
images/neutral/neutral_41.jpeg,"<bos><start_of_turn>user
<start_of_image>Is this scene happy, sad, or neutral? Answer in a single word.<end_of_turn>
<start_of_turn>model
",neutral,neutral
images/neutral/neutral_42.jpeg,"<bos><start_of_turn>user
<start_of_image>Is this scene happy, sad, or neutral? Answer in a single word.<end_of_turn>
<start_of_turn>model
",neutral,neutral
images/neutral/neutral_43.jpeg,"<bos><start_of_turn>user
<start_of_image>Is this scene happy, sad, or neutral? Answer in a single word.<end_of_turn>
<start_of_turn>model
",neutral,neutral
images/neutral/neutral_44.jpeg,"<bos><start_of_turn>user
<start_of_image>Is this scene happy, sad, or neutral? Answer in a single word.<end_of_turn>
<start_of_turn>model
",neutral,neutral
images/neutral/neutral_45.jpeg,"<bos><start_of_turn>user
<start_of_image>Is this scene happy, sad, or neutral? Answer in a single word.<end_of_turn>
<start_of_turn>model
",neutral,neutral
images/neutral/neutral_46.jpeg,"<bos><start_of_turn>user
<start_of_image>Is this scene happy, sad, or neutral? Answer in a single word.<end_of_turn>
<start_of_turn>model
",neutral,neutral
images/neutral/neutral_47.jpeg,"<bos><start_of_turn>user
<start_of_image>Is this scene happy, sad, or neutral? Answer in a single word.<end_of_turn>
<start_of_turn>model
",neutral,neutral
images/neutral/neutral_49.jpeg,"<bos><start_of_turn>user
<start_of_image>Is this scene happy, sad, or neutral? Answer in a single word.<end_of_turn>
<start_of_turn>model
",neutral,neutral
images/neutral/neutral_4.jpeg,"<bos><start_of_turn>user
<start_of_image>Is this scene happy, sad, or neutral? Answer in a single word.<end_of_turn>
<start_of_turn>model
",neutral,neutral
images/neutral/neutral_50.jpeg,"<bos><start_of_turn>user
<start_of_image>Is this scene happy, sad, or neutral? Answer in a single word.<end_of_turn>
<start_of_turn>model
",neutral,neutral
images/neutral/neutral_51.jpeg,"<bos><start_of_turn>user
<start_of_image>Is this scene happy, sad, or neutral? Answer in a single word.<end_of_turn>
<start_of_turn>model
",neutral,neutral
images/neutral/neutral_52.jpeg,"<bos><start_of_turn>user
<start_of_image>Is this scene happy, sad, or neutral? Answer in a single word.<end_of_turn>
<start_of_turn>model
",neutral,happy
images/neutral/neutral_53.jpeg,"<bos><start_of_turn>user
<start_of_image>Is this scene happy, sad, or neutral? Answer in a single word.<end_of_turn>
<start_of_turn>model
",neutral,neutral
images/neutral/neutral_54.jpeg,"<bos><start_of_turn>user
<start_of_image>Is this scene happy, sad, or neutral? Answer in a single word.<end_of_turn>
<start_of_turn>model
",neutral,happy
images/neutral/neutral_55.jpeg,"<bos><start_of_turn>user
<start_of_image>Is this scene happy, sad, or neutral? Answer in a single word.<end_of_turn>
<start_of_turn>model
",neutral,neutral
images/neutral/neutral_56.jpeg,"<bos><start_of_turn>user
<start_of_image>Is this scene happy, sad, or neutral? Answer in a single word.<end_of_turn>
<start_of_turn>model
",neutral,neutral
images/neutral/neutral_57.jpeg,"<bos><start_of_turn>user
<start_of_image>Is this scene happy, sad, or neutral? Answer in a single word.<end_of_turn>
<start_of_turn>model
",neutral,neutral
images/neutral/neutral_58.jpeg,"<bos><start_of_turn>user
<start_of_image>Is this scene happy, sad, or neutral? Answer in a single word.<end_of_turn>
<start_of_turn>model
",neutral,neutral
images/neutral/neutral_59.jpeg,"<bos><start_of_turn>user
<start_of_image>Is this scene happy, sad, or neutral? Answer in a single word.<end_of_turn>
<start_of_turn>model
",neutral,neutral
images/neutral/neutral_5.jpeg,"<bos><start_of_turn>user
<start_of_image>Is this scene happy, sad, or neutral? Answer in a single word.<end_of_turn>
<start_of_turn>model
",neutral,neutral
images/neutral/neutral_60.jpeg,"<bos><start_of_turn>user
<start_of_image>Is this scene happy, sad, or neutral? Answer in a single word.<end_of_turn>
<start_of_turn>model
",neutral,neutral
images/neutral/neutral_61.jpeg,"<bos><start_of_turn>user
<start_of_image>Is this scene happy, sad, or neutral? Answer in a single word.<end_of_turn>
<start_of_turn>model
",neutral,neutral
images/neutral/neutral_62.jpeg,"<bos><start_of_turn>user
<start_of_image>Is this scene happy, sad, or neutral? Answer in a single word.<end_of_turn>
<start_of_turn>model
",neutral,neutral
images/neutral/neutral_63.jpeg,"<bos><start_of_turn>user
<start_of_image>Is this scene happy, sad, or neutral? Answer in a single word.<end_of_turn>
<start_of_turn>model
",neutral,neutral
images/neutral/neutral_64.jpeg,"<bos><start_of_turn>user
<start_of_image>Is this scene happy, sad, or neutral? Answer in a single word.<end_of_turn>
<start_of_turn>model
",neutral,neutral
images/neutral/neutral_67.jpeg,"<bos><start_of_turn>user
<start_of_image>Is this scene happy, sad, or neutral? Answer in a single word.<end_of_turn>
<start_of_turn>model
",neutral,neutral
images/neutral/neutral_68.jpeg,"<bos><start_of_turn>user
<start_of_image>Is this scene happy, sad, or neutral? Answer in a single word.<end_of_turn>
<start_of_turn>model
",neutral,neutral
images/neutral/neutral_69.jpeg,"<bos><start_of_turn>user
<start_of_image>Is this scene happy, sad, or neutral? Answer in a single word.<end_of_turn>
<start_of_turn>model
",neutral,neutral
images/neutral/neutral_6.jpeg,"<bos><start_of_turn>user
<start_of_image>Is this scene happy, sad, or neutral? Answer in a single word.<end_of_turn>
<start_of_turn>model
",neutral,neutral
images/neutral/neutral_70.jpeg,"<bos><start_of_turn>user
<start_of_image>Is this scene happy, sad, or neutral? Answer in a single word.<end_of_turn>
<start_of_turn>model
",neutral,neutral
images/neutral/neutral_71.jpeg,"<bos><start_of_turn>user
<start_of_image>Is this scene happy, sad, or neutral? Answer in a single word.<end_of_turn>
<start_of_turn>model
",neutral,neutral
images/neutral/neutral_72.jpeg,"<bos><start_of_turn>user
<start_of_image>Is this scene happy, sad, or neutral? Answer in a single word.<end_of_turn>
<start_of_turn>model
",neutral,neutral
images/neutral/neutral_73.jpeg,"<bos><start_of_turn>user
<start_of_image>Is this scene happy, sad, or neutral? Answer in a single word.<end_of_turn>
<start_of_turn>model
",neutral,neutral
images/neutral/neutral_74.jpeg,"<bos><start_of_turn>user
<start_of_image>Is this scene happy, sad, or neutral? Answer in a single word.<end_of_turn>
<start_of_turn>model
",neutral,neutral
images/neutral/neutral_75.jpeg,"<bos><start_of_turn>user
<start_of_image>Is this scene happy, sad, or neutral? Answer in a single word.<end_of_turn>
<start_of_turn>model
",neutral,neutral
images/neutral/neutral_76.jpeg,"<bos><start_of_turn>user
<start_of_image>Is this scene happy, sad, or neutral? Answer in a single word.<end_of_turn>
<start_of_turn>model
",neutral,neutral
images/neutral/neutral_77.jpeg,"<bos><start_of_turn>user
<start_of_image>Is this scene happy, sad, or neutral? Answer in a single word.<end_of_turn>
<start_of_turn>model
",neutral,neutral
images/neutral/neutral_78.jpeg,"<bos><start_of_turn>user
<start_of_image>Is this scene happy, sad, or neutral? Answer in a single word.<end_of_turn>
<start_of_turn>model
",neutral,neutral
images/neutral/neutral_79.jpeg,"<bos><start_of_turn>user
<start_of_image>Is this scene happy, sad, or neutral? Answer in a single word.<end_of_turn>
<start_of_turn>model
",neutral,neutral
images/neutral/neutral_7.jpeg,"<bos><start_of_turn>user
<start_of_image>Is this scene happy, sad, or neutral? Answer in a single word.<end_of_turn>
<start_of_turn>model
",neutral,neutral
images/neutral/neutral_80.jpeg,"<bos><start_of_turn>user
<start_of_image>Is this scene happy, sad, or neutral? Answer in a single word.<end_of_turn>
<start_of_turn>model
",neutral,neutral
images/neutral/neutral_81.jpeg,"<bos><start_of_turn>user
<start_of_image>Is this scene happy, sad, or neutral? Answer in a single word.<end_of_turn>
<start_of_turn>model
",neutral,happy
images/neutral/neutral_82.jpeg,"<bos><start_of_turn>user
<start_of_image>Is this scene happy, sad, or neutral? Answer in a single word.<end_of_turn>
<start_of_turn>model
",neutral,neutral
images/neutral/neutral_84.jpeg,"<bos><start_of_turn>user
<start_of_image>Is this scene happy, sad, or neutral? Answer in a single word.<end_of_turn>
<start_of_turn>model
",neutral,neutral
images/neutral/neutral_85.jpeg,"<bos><start_of_turn>user
<start_of_image>Is this scene happy, sad, or neutral? Answer in a single word.<end_of_turn>
<start_of_turn>model
",neutral,happy
images/neutral/neutral_86.jpeg,"<bos><start_of_turn>user
<start_of_image>Is this scene happy, sad, or neutral? Answer in a single word.<end_of_turn>
<start_of_turn>model
",neutral,neutral
images/neutral/neutral_87.jpeg,"<bos><start_of_turn>user
<start_of_image>Is this scene happy, sad, or neutral? Answer in a single word.<end_of_turn>
<start_of_turn>model
",neutral,neutral
images/neutral/neutral_88.jpeg,"<bos><start_of_turn>user
<start_of_image>Is this scene happy, sad, or neutral? Answer in a single word.<end_of_turn>
<start_of_turn>model
",neutral,happy
images/neutral/neutral_89.jpeg,"<bos><start_of_turn>user
<start_of_image>Is this scene happy, sad, or neutral? Answer in a single word.<end_of_turn>
<start_of_turn>model
",neutral,neutral
images/neutral/neutral_8.jpeg,"<bos><start_of_turn>user
<start_of_image>Is this scene happy, sad, or neutral? Answer in a single word.<end_of_turn>
<start_of_turn>model
",neutral,neutral
images/neutral/neutral_91.jpeg,"<bos><start_of_turn>user
<start_of_image>Is this scene happy, sad, or neutral? Answer in a single word.<end_of_turn>
<start_of_turn>model
",neutral,neutral
images/neutral/neutral_92.jpeg,"<bos><start_of_turn>user
<start_of_image>Is this scene happy, sad, or neutral? Answer in a single word.<end_of_turn>
<start_of_turn>model
",neutral,neutral
images/neutral/neutral_93.jpeg,"<bos><start_of_turn>user
<start_of_image>Is this scene happy, sad, or neutral? Answer in a single word.<end_of_turn>
<start_of_turn>model
",neutral,neutral
images/neutral/neutral_94.jpeg,"<bos><start_of_turn>user
<start_of_image>Is this scene happy, sad, or neutral? Answer in a single word.<end_of_turn>
<start_of_turn>model
",neutral,neutral
images/neutral/neutral_95.jpeg,"<bos><start_of_turn>user
<start_of_image>Is this scene happy, sad, or neutral? Answer in a single word.<end_of_turn>
<start_of_turn>model
",neutral,neutral
images/neutral/neutral_98.jpeg,"<bos><start_of_turn>user
<start_of_image>Is this scene happy, sad, or neutral? Answer in a single word.<end_of_turn>
<start_of_turn>model
",neutral,neutral
images/neutral/neutral_9.jpeg,"<bos><start_of_turn>user
<start_of_image>Is this scene happy, sad, or neutral? Answer in a single word.<end_of_turn>
<start_of_turn>model
",neutral,neutral
