prompt,gt_answer,pred_answer
"<s>[INST]Consider David Carney.
What sport does this athlete play? Answer in a single word.[/INST]",s,s
"<s>[INST]Consider Luis Scola.
What sport does this athlete play? Answer in a single word.[/INST]",b,b
"<s>[INST]Consider Satchel Paige.
What sport does this athlete play? Answer in a single word.[/INST]",base,base
"<s>[INST]Consider Terrell Owens.
What sport does this athlete play? Answer in a single word.[/INST]",foot,foot
"<s>[INST]Consider Dennis Rodman.
What sport does this athlete play? Answer in a single word.[/INST]",b,b
"<s>[INST]Consider Moe Berg.
What sport does this athlete play? Answer in a single word.[/INST]",base,base
"<s>[INST]Consider Willie Mays.
What sport does this athlete play? Answer in a single word.[/INST]",base,base
"<s>[INST]Consider Landon Donovan.
What sport does this athlete play? Answer in a single word.[/INST]",s,s
"<s>[INST]Consider David Beckham.
What sport does this athlete play? Answer in a single word.[/INST]",s,s
"<s>[INST]Consider Zack Steffen.
What sport does this athlete play? Answer in a single word.[/INST]",s,s
"<s>[INST]Consider Andrea Pirlo.
What sport does this athlete play? Answer in a single word.[/INST]",s,foot
"<s>[INST]Consider Jesse Hibbs.
What sport does this athlete play? Answer in a single word.[/INST]",foot,foot
"<s>[INST]Consider Jim Bunning.
What sport does this athlete play? Answer in a single word.[/INST]",base,base
"<s>[INST]Consider Alessandro Nesta.
What sport does this athlete play? Answer in a single word.[/INST]",s,s
"<s>[INST]Consider Ryan Smyth.
What sport does this athlete play? Answer in a single word.[/INST]",h,h
"<s>[INST]Consider Bobby Orr.
What sport does this athlete play? Answer in a single word.[/INST]",h,h
"<s>[INST]Consider Herschel Walker.
What sport does this athlete play? Answer in a single word.[/INST]",foot,foot
"<s>[INST]Consider Larry Doby.
What sport does this athlete play? Answer in a single word.[/INST]",base,base
"<s>[INST]Consider Ed O'Neill.
What sport does this athlete play? Answer in a single word.[/INST]",foot,base
"<s>[INST]Consider Tony Gwynn.
What sport does this athlete play? Answer in a single word.[/INST]",base,base
"<s>[INST]Consider Leon Allen White.
What sport does this athlete play? Answer in a single word.[/INST]",foot,base
"<s>[INST]Consider Drew Brees.
What sport does this athlete play? Answer in a single word.[/INST]",foot,foot
"<s>[INST]Consider Warren Spahn.
What sport does this athlete play? Answer in a single word.[/INST]",base,base
"<s>[INST]Consider Ken Dryden.
What sport does this athlete play? Answer in a single word.[/INST]",h,h
"<s>[INST]Consider Woody Strode.
What sport does this athlete play? Answer in a single word.[/INST]",foot,foot
"<s>[INST]Consider Eric Lindros.
What sport does this athlete play? Answer in a single word.[/INST]",h,h
"<s>[INST]Consider Terry Bradshaw.
What sport does this athlete play? Answer in a single word.[/INST]",foot,foot
"<s>[INST]Consider Nelson Valdez.
What sport does this athlete play? Answer in a single word.[/INST]",s,s
"<s>[INST]Consider Siem de Jong.
What sport does this athlete play? Answer in a single word.[/INST]",s,s
"<s>[INST]Consider Tim Cahill.
What sport does this athlete play? Answer in a single word.[/INST]",s,s
"<s>[INST]Consider Ichiro Suzuki.
What sport does this athlete play? Answer in a single word.[/INST]",base,base
"<s>[INST]Consider LeBron James.
What sport does this athlete play? Answer in a single word.[/INST]",b,b
"<s>[INST]Consider Bubba Smith.
What sport does this athlete play? Answer in a single word.[/INST]",foot,foot
"<s>[INST]Consider Efren Navarro.
What sport does this athlete play? Answer in a single word.[/INST]",base,base
"<s>[INST]Consider Marc Gasol.
What sport does this athlete play? Answer in a single word.[/INST]",b,b
"<s>[INST]Consider Walter Zenga.
What sport does this athlete play? Answer in a single word.[/INST]",s,foot
"<s>[INST]Consider Kendall Waston.
What sport does this athlete play? Answer in a single word.[/INST]",s,s
"<s>[INST]Consider Freddy Adu.
What sport does this athlete play? Answer in a single word.[/INST]",s,s
"<s>[INST]Consider George Halas.
What sport does this athlete play? Answer in a single word.[/INST]",base,foot
"<s>[INST]Consider Dick Butkus.
What sport does this athlete play? Answer in a single word.[/INST]",foot,foot
"<s>[INST]Consider Red Grange.
What sport does this athlete play? Answer in a single word.[/INST]",foot,foot
"<s>[INST]Consider Stan Musial.
What sport does this athlete play? Answer in a single word.[/INST]",base,base
"<s>[INST]Consider Tommie Smith.
What sport does this athlete play? Answer in a single word.[/INST]",foot,s
"<s>[INST]Consider Lionel Conacher.
What sport does this athlete play? Answer in a single word.[/INST]",h,base
"<s>[INST]Consider Derek Jeter.
What sport does this athlete play? Answer in a single word.[/INST]",base,base
"<s>[INST]Consider Honus Wagner.
What sport does this athlete play? Answer in a single word.[/INST]",base,base
"<s>[INST]Consider Mickey Mantle.
What sport does this athlete play? Answer in a single word.[/INST]",base,base
"<s>[INST]Consider Allen Iverson.
What sport does this athlete play? Answer in a single word.[/INST]",b,b
"<s>[INST]Consider Tom Seaver.
What sport does this athlete play? Answer in a single word.[/INST]",base,base
"<s>[INST]Consider Brett Favre.
What sport does this athlete play? Answer in a single word.[/INST]",foot,foot
"<s>[INST]Consider Michael Strahan.
What sport does this athlete play? Answer in a single word.[/INST]",foot,foot
"<s>[INST]Consider Sergei Makarov.
What sport does this athlete play? Answer in a single word.[/INST]",h,h
"<s>[INST]Consider Danny Ainge.
What sport does this athlete play? Answer in a single word.[/INST]",base,b
"<s>[INST]Consider Wilt Chamberlain.
What sport does this athlete play? Answer in a single word.[/INST]",b,b
"<s>[INST]Consider Don Shula.
What sport does this athlete play? Answer in a single word.[/INST]",foot,foot
"<s>[INST]Consider Emmitt Smith.
What sport does this athlete play? Answer in a single word.[/INST]",foot,foot
"<s>[INST]Consider Brian Bosworth.
What sport does this athlete play? Answer in a single word.[/INST]",foot,foot
"<s>[INST]Consider Johnny Unitas.
What sport does this athlete play? Answer in a single word.[/INST]",foot,foot
"<s>[INST]Consider Babe Ruth.
What sport does this athlete play? Answer in a single word.[/INST]",base,base
"<s>[INST]Consider Gary Payton.
What sport does this athlete play? Answer in a single word.[/INST]",b,b
"<s>[INST]Consider Kevin Garnett.
What sport does this athlete play? Answer in a single word.[/INST]",b,b
"<s>[INST]Consider Alex Karras.
What sport does this athlete play? Answer in a single word.[/INST]",foot,foot
"<s>[INST]Consider Stan Mikita.
What sport does this athlete play? Answer in a single word.[/INST]",h,h
"<s>[INST]Consider Elroy Hirsch.
What sport does this athlete play? Answer in a single word.[/INST]",foot,foot
"<s>[INST]Consider Roger Maris.
What sport does this athlete play? Answer in a single word.[/INST]",base,base
"<s>[INST]Consider Carl Weathers.
What sport does this athlete play? Answer in a single word.[/INST]",foot,foot
"<s>[INST]Consider Nick Swisher.
What sport does this athlete play? Answer in a single word.[/INST]",base,base
"<s>[INST]Consider Shane Doan.
What sport does this athlete play? Answer in a single word.[/INST]",h,h
"<s>[INST]Consider John Elway.
What sport does this athlete play? Answer in a single word.[/INST]",foot,foot
"<s>[INST]Consider Terry Crews.
What sport does this athlete play? Answer in a single word.[/INST]",foot,foot
"<s>[INST]Consider Jacques Plante.
What sport does this athlete play? Answer in a single word.[/INST]",h,h
"<s>[INST]Consider Nigel de Jong.
What sport does this athlete play? Answer in a single word.[/INST]",s,s
"<s>[INST]Consider Frank Lampard.
What sport does this athlete play? Answer in a single word.[/INST]",s,s
"<s>[INST]Consider Peter Forsberg.
What sport does this athlete play? Answer in a single word.[/INST]",h,h
"<s>[INST]Consider Claudio Reyna.
What sport does this athlete play? Answer in a single word.[/INST]",s,s
"<s>[INST]Consider Boris Diaw.
What sport does this athlete play? Answer in a single word.[/INST]",b,b
"<s>[INST]Consider Julius Erving.
What sport does this athlete play? Answer in a single word.[/INST]",b,b
"<s>[INST]Consider Jason Kidd.
What sport does this athlete play? Answer in a single word.[/INST]",b,b
"<s>[INST]Consider Guy Lafleur.
What sport does this athlete play? Answer in a single word.[/INST]",h,h
"<s>[INST]Consider Walter Payton.
What sport does this athlete play? Answer in a single word.[/INST]",foot,foot
"<s>[INST]Consider Carmelo Anthony.
What sport does this athlete play? Answer in a single word.[/INST]",b,b
"<s>[INST]Consider Pau Gasol.
What sport does this athlete play? Answer in a single word.[/INST]",b,b
"<s>[INST]Consider Gordie Howe.
What sport does this athlete play? Answer in a single word.[/INST]",h,h
"<s>[INST]Consider Joe Namath.
What sport does this athlete play? Answer in a single word.[/INST]",foot,foot
"<s>[INST]Consider Patrick Ewing.
What sport does this athlete play? Answer in a single word.[/INST]",b,b
"<s>[INST]Consider Jim Thorpe.
What sport does this athlete play? Answer in a single word.[/INST]",base,foot
"<s>[INST]Consider Dave Winfield.
What sport does this athlete play? Answer in a single word.[/INST]",base,base
"<s>[INST]Consider Robbie Keane.
What sport does this athlete play? Answer in a single word.[/INST]",s,s
"<s>[INST]Consider Deion Sanders.
What sport does this athlete play? Answer in a single word.[/INST]",base,foot
"<s>[INST]Consider Hank Greenberg.
What sport does this athlete play? Answer in a single word.[/INST]",base,base
"<s>[INST]Consider Mario Lemieux.
What sport does this athlete play? Answer in a single word.[/INST]",h,h
"<s>[INST]Consider Brock Lesnar.
What sport does this athlete play? Answer in a single word.[/INST]",foot,foot
"<s>[INST]Consider Chuck Connors.
What sport does this athlete play? Answer in a single word.[/INST]",base,base
"<s>[INST]Consider Charles Barkley.
What sport does this athlete play? Answer in a single word.[/INST]",b,b
"<s>[INST]Consider Paul Kariya.
What sport does this athlete play? Answer in a single word.[/INST]",h,h
"<s>[INST]Consider Pavel Bure.
What sport does this athlete play? Answer in a single word.[/INST]",h,h
"<s>[INST]Consider Michael Phelps.
What sport does this athlete play? Answer in a single word.[/INST]",sw,sw
"<s>[INST]Consider Usain Bolt.
What sport does this athlete play? Answer in a single word.[/INST]",s,s
"<s>[INST]Consider Namib Desert.
Which country is this landmark in? Answer in a single word.[/INST]",Nam,Nam
"<s>[INST]Consider Lake Baikal.
Which country is this landmark in? Answer in a single word.[/INST]",Russia,Russia
"<s>[INST]Consider Karnak Temple.
Which country is this landmark in? Answer in a single word.[/INST]",E,E
"<s>[INST]Consider Abu Simbel.
Which country is this landmark in? Answer in a single word.[/INST]",E,E
"<s>[INST]Consider Ring of Kerry.
Which country is this landmark in? Answer in a single word.[/INST]",I,I
"<s>[INST]Consider Cinque Terre.
Which country is this landmark in? Answer in a single word.[/INST]",Italy,Italy
"<s>[INST]Consider Douro Valley.
Which country is this landmark in? Answer in a single word.[/INST]",Portugal,Portugal
"<s>[INST]Consider Kinderdijk.
Which country is this landmark in? Answer in a single word.[/INST]",Net,Net
"<s>[INST]Consider Romantic Road.
Which country is this landmark in? Answer in a single word.[/INST]",Germany,Germany
"<s>[INST]Consider Sveti Stefan.
Which country is this landmark in? Answer in a single word.[/INST]",Mont,Mont
"<s>[INST]Consider Kuala Langat.
Which country is this landmark in? Answer in a single word.[/INST]",Mal,Mal
"<s>[INST]Consider Attingal.
Which country is this landmark in? Answer in a single word.[/INST]",India,India
"<s>[INST]Consider Adliswil.
Which country is this landmark in? Answer in a single word.[/INST]",Sw,Sw
"<s>[INST]Consider Junnar.
Which country is this landmark in? Answer in a single word.[/INST]",India,India
"<s>[INST]Consider Kosi Zone.
Which country is this landmark in? Answer in a single word.[/INST]",N,Sud
"<s>[INST]Consider Mandara Mountains.
Which country is this landmark in? Answer in a single word.[/INST]",Nig,Nig
"<s>[INST]Consider Imsland.
Which country is this landmark in? Answer in a single word.[/INST]",Nor,I
"<s>[INST]Consider Hurley River.
Which country is this landmark in? Answer in a single word.[/INST]",Canada,Canada
"<s>[INST]Consider Pontecorvo.
Which country is this landmark in? Answer in a single word.[/INST]",Italy,Italy
"<s>[INST]Consider Nova Friburgo.
Which country is this landmark in? Answer in a single word.[/INST]",Brazil,Brazil
"<s>[INST]Consider Jan Amora.
Which country is this landmark in? Answer in a single word.[/INST]",Eth,Net
"<s>[INST]Consider Canjuers.
Which country is this landmark in? Answer in a single word.[/INST]",France,France
"<s>[INST]Consider Rankuh District.
Which country is this landmark in? Answer in a single word.[/INST]",Iran,Pak
"<s>[INST]Consider Capolago.
Which country is this landmark in? Answer in a single word.[/INST]",Sw,Sw
"<s>[INST]Consider Toronto Police Service.
Which country is this landmark in? Answer in a single word.[/INST]",Canada,Canada
"<s>[INST]Consider Pilis Mountains.
Which country is this landmark in? Answer in a single word.[/INST]",Hung,Hung
"<s>[INST]Consider Lake Caliraya.
Which country is this landmark in? Answer in a single word.[/INST]",Phil,Phil
"<s>[INST]Consider Bad Vilbel.
Which country is this landmark in? Answer in a single word.[/INST]",Germany,Germany
"<s>[INST]Consider Dawa River.
Which country is this landmark in? Answer in a single word.[/INST]",S,T
"<s>[INST]Consider Kayunga District.
Which country is this landmark in? Answer in a single word.[/INST]",U,U
"<s>[INST]Consider Bobolice.
Which country is this landmark in? Answer in a single word.[/INST]",Pol,Pol
"<s>[INST]Consider Sakarya Province.
Which country is this landmark in? Answer in a single word.[/INST]",Tur,Tur
"<s>[INST]Consider Zwiefalten.
Which country is this landmark in? Answer in a single word.[/INST]",Germany,Germany
"<s>[INST]Consider Bliesgau.
Which country is this landmark in? Answer in a single word.[/INST]",Germany,Germany
"<s>[INST]Consider Iximche.
Which country is this landmark in? Answer in a single word.[/INST]",Gu,Gu
"<s>[INST]Consider Mudgee.
Which country is this landmark in? Answer in a single word.[/INST]",Australia,Australia
"<s>[INST]Consider Tursi.
Which country is this landmark in? Answer in a single word.[/INST]",Italy,Italy
"<s>[INST]Consider Kalvola.
Which country is this landmark in? Answer in a single word.[/INST]",Finland,Finland
"<s>[INST]Consider Sarnaki.
Which country is this landmark in? Answer in a single word.[/INST]",Pol,Pol
"<s>[INST]Consider Garibaldi Ranges.
Which country is this landmark in? Answer in a single word.[/INST]",Canada,Australia
"<s>[INST]Consider Hong San See.
Which country is this landmark in? Answer in a single word.[/INST]",Sing,Sing
"<s>[INST]Consider Amsterdam dance event.
Which country is this landmark in? Answer in a single word.[/INST]",Net,Net
"<s>[INST]Consider Harnaut.
Which country is this landmark in? Answer in a single word.[/INST]",India,E
"<s>[INST]Consider Menangle Park.
Which country is this landmark in? Answer in a single word.[/INST]",Australia,Australia
"<s>[INST]Consider Kahrizak.
Which country is this landmark in? Answer in a single word.[/INST]",Iran,Iran
"<s>[INST]Consider Munich Residence.
Which country is this landmark in? Answer in a single word.[/INST]",Germany,Germany
"<s>[INST]Consider Marugame.
Which country is this landmark in? Answer in a single word.[/INST]",Japan,Japan
"<s>[INST]Consider Lutvann.
Which country is this landmark in? Answer in a single word.[/INST]",Nor,Nor
"<s>[INST]Consider Pakpattan.
Which country is this landmark in? Answer in a single word.[/INST]",Pak,Pak
"<s>[INST]Consider Leap Castle.
Which country is this landmark in? Answer in a single word.[/INST]",I,I
"<s>[INST]Consider Ankenes.
Which country is this landmark in? Answer in a single word.[/INST]",Nor,Nor
"<s>[INST]Consider Cocconato.
Which country is this landmark in? Answer in a single word.[/INST]",Italy,Italy
"<s>[INST]Consider Pontigny Abbey.
Which country is this landmark in? Answer in a single word.[/INST]",France,France
"<s>[INST]Consider Kununurra.
Which country is this landmark in? Answer in a single word.[/INST]",Australia,Australia
"<s>[INST]Consider Sidhi district.
Which country is this landmark in? Answer in a single word.[/INST]",India,India
"<s>[INST]Consider Sena Medal.
Which country is this landmark in? Answer in a single word.[/INST]",India,India
"<s>[INST]Consider Elgin West.
Which country is this landmark in? Answer in a single word.[/INST]",Canada,Canada
"<s>[INST]Consider Ticho House.
Which country is this landmark in? Answer in a single word.[/INST]",Israel,Israel
"<s>[INST]Consider House of Representatives.
Which country is this landmark in? Answer in a single word.[/INST]",Lib,USA
"<s>[INST]Consider Jafara.
Which country is this landmark in? Answer in a single word.[/INST]",Lib,S
"<s>[INST]Consider Ferrobaires.
Which country is this landmark in? Answer in a single word.[/INST]",Argentina,Argentina
"<s>[INST]Consider Bugis Junction.
Which country is this landmark in? Answer in a single word.[/INST]",Sing,Sing
"<s>[INST]Consider Were Ilu.
Which country is this landmark in? Answer in a single word.[/INST]",Eth,I
"<s>[INST]Consider Simeulue.
Which country is this landmark in? Answer in a single word.[/INST]",Ind,Ind
"<s>[INST]Consider Indus River.
Which country is this landmark in? Answer in a single word.[/INST]",India,Pak
"<s>[INST]Consider Guldborg.
Which country is this landmark in? Answer in a single word.[/INST]",Den,Den
"<s>[INST]Consider Papantla.
Which country is this landmark in? Answer in a single word.[/INST]",Mexico,Mexico
"<s>[INST]Consider Helsinki City Hall.
Which country is this landmark in? Answer in a single word.[/INST]",Finland,Finland
"<s>[INST]Consider Uromi.
Which country is this landmark in? Answer in a single word.[/INST]",Nig,Nig
"<s>[INST]Consider Lambunao.
Which country is this landmark in? Answer in a single word.[/INST]",Phil,Phil
"<s>[INST]Consider Loppa.
Which country is this landmark in? Answer in a single word.[/INST]",Nor,Nor
"<s>[INST]Consider Trigono.
Which country is this landmark in? Answer in a single word.[/INST]",G,G
"<s>[INST]Consider Entzheim.
Which country is this landmark in? Answer in a single word.[/INST]",France,France
"<s>[INST]Consider Umarex.
Which country is this landmark in? Answer in a single word.[/INST]",Germany,Germany
"<s>[INST]Consider Tarn-et-Garonne.
Which country is this landmark in? Answer in a single word.[/INST]",France,France
"<s>[INST]Consider Tinapa Resort.
Which country is this landmark in? Answer in a single word.[/INST]",Nig,Phil
"<s>[INST]Consider Media Development Authority.
Which country is this landmark in? Answer in a single word.[/INST]",Sing,Sing
"<s>[INST]Consider Zbuczyn.
Which country is this landmark in? Answer in a single word.[/INST]",Pol,Pol
"<s>[INST]Consider Bannu.
Which country is this landmark in? Answer in a single word.[/INST]",Pak,Pak
"<s>[INST]Consider Camarate.
Which country is this landmark in? Answer in a single word.[/INST]",Portugal,Portugal
"<s>[INST]Consider Guillaumes.
Which country is this landmark in? Answer in a single word.[/INST]",France,France
"<s>[INST]Consider Rantum.
Which country is this landmark in? Answer in a single word.[/INST]",Germany,Germany
"<s>[INST]Consider Blackrock Castle.
Which country is this landmark in? Answer in a single word.[/INST]",I,I
"<s>[INST]Consider County Leitrim.
Which country is this landmark in? Answer in a single word.[/INST]",I,I
"<s>[INST]Consider Veyrier.
Which country is this landmark in? Answer in a single word.[/INST]",Sw,Sw
"<s>[INST]Consider Montemitro.
Which country is this landmark in? Answer in a single word.[/INST]",Italy,Italy
"<s>[INST]Consider CD Eldense.
Which country is this landmark in? Answer in a single word.[/INST]",Spain,Spain
"<s>[INST]Consider Rio Quente.
Which country is this landmark in? Answer in a single word.[/INST]",Brazil,Brazil
"<s>[INST]Consider Naruto Strait.
Which country is this landmark in? Answer in a single word.[/INST]",Japan,Japan
"<s>[INST]Consider Waalhaven.
Which country is this landmark in? Answer in a single word.[/INST]",Net,Net
"<s>[INST]Consider Atwell Peak.
Which country is this landmark in? Answer in a single word.[/INST]",Canada,Australia
"<s>[INST]Consider Sadr City.
Which country is this landmark in? Answer in a single word.[/INST]",I,I
"<s>[INST]Consider Palladam.
Which country is this landmark in? Answer in a single word.[/INST]",India,India
"<s>[INST]Consider Bhinmal.
Which country is this landmark in? Answer in a single word.[/INST]",India,India
"<s>[INST]Consider Theni district.
Which country is this landmark in? Answer in a single word.[/INST]",India,India
"<s>[INST]Consider Galiano Island.
Which country is this landmark in? Answer in a single word.[/INST]",Canada,Canada
"<s>[INST]Consider Kluuvi.
Which country is this landmark in? Answer in a single word.[/INST]",Finland,Finland
"<s>[INST]Consider Bungsberg.
Which country is this landmark in? Answer in a single word.[/INST]",Germany,Germany
"<s>[INST]Consider Bolvadin.
Which country is this landmark in? Answer in a single word.[/INST]",Tur,Tur
"<s>[INST]Consider Ulpiana.
Which country is this landmark in? Answer in a single word.[/INST]",K,K
"<s>[INST]Consider Hohenlohe.
Which country is this landmark in? Answer in a single word.[/INST]",Germany,Germany
"<s>[INST]Consider Bunda District.
Which country is this landmark in? Answer in a single word.[/INST]",T,Mal
"<s>[INST]Consider Mbale District.
Which country is this landmark in? Answer in a single word.[/INST]",U,U
"<s>[INST]Consider Namba Station.
Which country is this landmark in? Answer in a single word.[/INST]",Japan,Japan
"<s>[INST]Consider Uda District.
Which country is this landmark in? Answer in a single word.[/INST]",Japan,Japan
"<s>[INST]Consider Sabratha.
Which country is this landmark in? Answer in a single word.[/INST]",Lib,Lib
"<s>[INST]Consider Shoranur.
Which country is this landmark in? Answer in a single word.[/INST]",India,India
"<s>[INST]Consider Fairfield West.
Which country is this landmark in? Answer in a single word.[/INST]",Australia,Australia
"<s>[INST]Consider Tartessos.
Which country is this landmark in? Answer in a single word.[/INST]",Spain,Spain
"<s>[INST]Consider Asian Highway Network.
Which country is this landmark in? Answer in a single word.[/INST]",India,Japan
"<s>[INST]Consider Prieto Diaz.
Which country is this landmark in? Answer in a single word.[/INST]",Phil,Phil
"<s>[INST]Consider Pinosava.
Which country is this landmark in? Answer in a single word.[/INST]",Ser,Spain
"<s>[INST]Consider Parippally.
Which country is this landmark in? Answer in a single word.[/INST]",India,India
"<s>[INST]Consider Fawkner.
Which country is this landmark in? Answer in a single word.[/INST]",Australia,Australia
"<s>[INST]Consider Tell Rifaat.
Which country is this landmark in? Answer in a single word.[/INST]",Sy,Sy
"<s>[INST]Consider Ginza Line.
Which country is this landmark in? Answer in a single word.[/INST]",Japan,Japan
"<s>[INST]Consider Noyon.
Which country is this landmark in? Answer in a single word.[/INST]",France,France
"<s>[INST]Consider Beles River.
Which country is this landmark in? Answer in a single word.[/INST]",Eth,Eth
"<s>[INST]Consider Dewa Province.
Which country is this landmark in? Answer in a single word.[/INST]",Japan,Japan
"<s>[INST]Consider Sebatik Island.
Which country is this landmark in? Answer in a single word.[/INST]",Mal,Ind
"<s>[INST]Consider Sarnia.
Which country is this landmark in? Answer in a single word.[/INST]",Canada,Canada
"<s>[INST]Consider Suwayq.
Which country is this landmark in? Answer in a single word.[/INST]",O,O
"<s>[INST]Consider South East Cape.
Which country is this landmark in? Answer in a single word.[/INST]",Australia,Australia
"<s>[INST]Consider Valvasone.
Which country is this landmark in? Answer in a single word.[/INST]",Italy,Italy
"<s>[INST]Consider Mewat.
Which country is this landmark in? Answer in a single word.[/INST]",India,India
"<s>[INST]Consider Kondotty.
Which country is this landmark in? Answer in a single word.[/INST]",India,India
"<s>[INST]Consider Toulouges.
Which country is this landmark in? Answer in a single word.[/INST]",France,France
"<s>[INST]Consider Adare Manor.
Which country is this landmark in? Answer in a single word.[/INST]",I,I
"<s>[INST]Consider Flieden.
Which country is this landmark in? Answer in a single word.[/INST]",Germany,Germany
"<s>[INST]Consider County Carlow.
Which country is this landmark in? Answer in a single word.[/INST]",I,I
"<s>[INST]Consider Surat Basin.
Which country is this landmark in? Answer in a single word.[/INST]",Australia,Australia
"<s>[INST]Consider Chaville.
Which country is this landmark in? Answer in a single word.[/INST]",France,France
"<s>[INST]Consider Asian Highway Network.
Which country is this landmark in? Answer in a single word.[/INST]",Tur,Japan
"<s>[INST]Consider Manyakheta.
Which country is this landmark in? Answer in a single word.[/INST]",India,India
"<s>[INST]Consider Lerik District.
Which country is this landmark in? Answer in a single word.[/INST]",A,A
"<s>[INST]Consider Kume District.
Which country is this landmark in? Answer in a single word.[/INST]",Japan,Japan
"<s>[INST]Consider Simdega.
Which country is this landmark in? Answer in a single word.[/INST]",India,India
"<s>[INST]Consider Honnavar.
Which country is this landmark in? Answer in a single word.[/INST]",India,India
"<s>[INST]Consider Chancelade.
Which country is this landmark in? Answer in a single word.[/INST]",France,France
"<s>[INST]Consider Helmbrechts.
Which country is this landmark in? Answer in a single word.[/INST]",Germany,Germany
"<s>[INST]Consider AMK Hub.
Which country is this landmark in? Answer in a single word.[/INST]",Sing,Sing
"<s>[INST]Consider regiopolis.
Which country is this landmark in? Answer in a single word.[/INST]",Germany,Canada
"<s>[INST]Consider Valdichiana.
Which country is this landmark in? Answer in a single word.[/INST]",Italy,Italy
"<s>[INST]Consider Kazinga Channel.
Which country is this landmark in? Answer in a single word.[/INST]",U,U
"<s>[INST]Consider Wazzin.
Which country is this landmark in? Answer in a single word.[/INST]",Lib,E
"<s>[INST]Consider Tiv people.
Which country is this landmark in? Answer in a single word.[/INST]",Nig,Nig
"<s>[INST]Consider Nobel Peace Center.
Which country is this landmark in? Answer in a single word.[/INST]",Nor,Nor
"<s>[INST]Consider Piedecuesta.
Which country is this landmark in? Answer in a single word.[/INST]",Colombia,Colombia
"<s>[INST]Consider Gjerpen.
Which country is this landmark in? Answer in a single word.[/INST]",Nor,Nor
"<s>[INST]Consider Schleitheim.
Which country is this landmark in? Answer in a single word.[/INST]",Sw,Sw
"<s>[INST]Consider Erbil SC.
Which country is this landmark in? Answer in a single word.[/INST]",I,I
"<s>[INST]Consider Teshie.
Which country is this landmark in? Answer in a single word.[/INST]",G,G
"<s>[INST]Consider Southern Savonia.
Which country is this landmark in? Answer in a single word.[/INST]",Finland,Finland
"<s>[INST]Consider Bedourie.
Which country is this landmark in? Answer in a single word.[/INST]",Australia,Australia
"<s>[INST]Consider Berar Province.
Which country is this landmark in? Answer in a single word.[/INST]",India,India
"<s>[INST]Consider Vernayaz.
Which country is this landmark in? Answer in a single word.[/INST]",Sw,Sw
"<s>[INST]Consider Entracque.
Which country is this landmark in? Answer in a single word.[/INST]",Italy,Italy
"<s>[INST]Consider Ponoy River.
Which country is this landmark in? Answer in a single word.[/INST]",Russia,Phil
"<s>[INST]Consider Turaida.
Which country is this landmark in? Answer in a single word.[/INST]",Lat,Lat
"<s>[INST]Consider Marstrand.
Which country is this landmark in? Answer in a single word.[/INST]",Sw,Nor
"<s>[INST]Consider Ariake Coliseum.
Which country is this landmark in? Answer in a single word.[/INST]",Japan,Japan
"<s>[INST]Consider Albertis Castle.
Which country is this landmark in? Answer in a single word.[/INST]",Italy,Italy
"<s>[INST]Consider Abu Ghosh.
Which country is this landmark in? Answer in a single word.[/INST]",Israel,Israel
"<s>[INST]Consider Eurasian Steppe.
Which country is this landmark in? Answer in a single word.[/INST]",Uk,K
"<s>[INST]Consider Wentworth Valley.
Which country is this landmark in? Answer in a single word.[/INST]",Canada,Australia
"<s>[INST]Consider Pandoh Dam.
Which country is this landmark in? Answer in a single word.[/INST]",India,India
"<s>[INST]Consider Augustinergasse.
Which country is this landmark in? Answer in a single word.[/INST]",Sw,Germany
"<s>[INST]Consider Madona District.
Which country is this landmark in? Answer in a single word.[/INST]",Lat,L
"<s>[INST]Consider Putyvl.
Which country is this landmark in? Answer in a single word.[/INST]",Uk,Uk
"<s>[INST]Consider Issenheim.
Which country is this landmark in? Answer in a single word.[/INST]",France,France
"<s>[INST]Consider Spanish Armed Forces.
Which country is this landmark in? Answer in a single word.[/INST]",Spain,Spain
"<s>[INST]Consider Capdenac.
Which country is this landmark in? Answer in a single word.[/INST]",France,France
"<s>[INST]Consider Blennerville.
Which country is this landmark in? Answer in a single word.[/INST]",I,I
"<s>[INST]Consider Panagarh.
Which country is this landmark in? Answer in a single word.[/INST]",India,India
"<s>[INST]Consider Gobardanga.
Which country is this landmark in? Answer in a single word.[/INST]",India,India
"<s>[INST]Consider Bose Institute.
Which country is this landmark in? Answer in a single word.[/INST]",India,India
"<s>[INST]Consider Rock al Parque.
Which country is this landmark in? Answer in a single word.[/INST]",Colombia,Colombia
"<s>[INST]Consider Mandailing language.
Which country is this landmark in? Answer in a single word.[/INST]",Ind,Ind
"<s>[INST]Consider Wakefield Park.
Which country is this landmark in? Answer in a single word.[/INST]",Australia,Australia
"<s>[INST]Consider VR warehouses.
Which country is this landmark in? Answer in a single word.[/INST]",Finland,USA
"<s>[INST]Consider Tartu Town Hall.
Which country is this landmark in? Answer in a single word.[/INST]",Est,Est
"<s>[INST]Consider Jemappes.
Which country is this landmark in? Answer in a single word.[/INST]",Belg,Belg
"<s>[INST]Consider Taranto Sport.
Which country is this landmark in? Answer in a single word.[/INST]",Italy,Italy
"<s>[INST]Consider Mannheim City Airport.
Which country is this landmark in? Answer in a single word.[/INST]",Germany,Germany
"<s>[INST]Consider Le Fuilet.
Which country is this landmark in? Answer in a single word.[/INST]",France,France
"<s>[INST]Consider Treuchtlingen.
Which country is this landmark in? Answer in a single word.[/INST]",Germany,Germany
"<s>[INST]Consider Minu District.
Which country is this landmark in? Answer in a single word.[/INST]",Iran,India
"<s>[INST]Consider West Darfur.
Which country is this landmark in? Answer in a single word.[/INST]",Sud,Sud
"<s>[INST]Consider Kuomintang.
Which country is this landmark in? Answer in a single word.[/INST]",Tai,Tai
"<s>[INST]Consider Tesco Organisation.
Which country is this landmark in? Answer in a single word.[/INST]",Germany,UK
"<s>[INST]Consider Rottendorf.
Which country is this landmark in? Answer in a single word.[/INST]",Germany,Germany
"<s>[INST]Consider Dornbirn.
Which country is this landmark in? Answer in a single word.[/INST]",A,A
"<s>[INST]Consider Oshawa.
Which country is this landmark in? Answer in a single word.[/INST]",Canada,Canada
"<s>[INST]Consider Ledaal.
Which country is this landmark in? Answer in a single word.[/INST]",Nor,Nor
"<s>[INST]Consider Nimmitabel.
Which country is this landmark in? Answer in a single word.[/INST]",Australia,Australia
"<s>[INST]Consider Bad Wildungen.
Which country is this landmark in? Answer in a single word.[/INST]",Germany,Germany
"<s>[INST]Consider Tempi Municipality.
Which country is this landmark in? Answer in a single word.[/INST]",G,G
"<s>[INST]Consider Alpokalja.
Which country is this landmark in? Answer in a single word.[/INST]",Hung,Hung
"<s>[INST]Consider Pragersko.
Which country is this landmark in? Answer in a single word.[/INST]",Sl,Sl
"<s>[INST]Consider Col Agnel.
Which country is this landmark in? Answer in a single word.[/INST]",Italy,France
"<s>[INST]Consider Kretinga.
Which country is this landmark in? Answer in a single word.[/INST]",L,L
"<s>[INST]Consider Lipscani.
Which country is this landmark in? Answer in a single word.[/INST]",Roman,Roman
"<s>[INST]Consider Emscher.
Which country is this landmark in? Answer in a single word.[/INST]",Germany,Germany
"<s>[INST]Consider Morshi.
Which country is this landmark in? Answer in a single word.[/INST]",India,India
"<s>[INST]Consider Baturyn.
Which country is this landmark in? Answer in a single word.[/INST]",Uk,Uk
"<s>[INST]Consider Hida Mountains.
Which country is this landmark in? Answer in a single word.[/INST]",Japan,Japan
"<s>[INST]Consider Zuiderzee.
Which country is this landmark in? Answer in a single word.[/INST]",Net,Net
"<s>[INST]Consider Illertissen.
Which country is this landmark in? Answer in a single word.[/INST]",Germany,Germany
"<s>[INST]Consider KBC Bank.
Which country is this landmark in? Answer in a single word.[/INST]",Belg,India
"<s>[INST]Consider Yamato Museum.
Which country is this landmark in? Answer in a single word.[/INST]",Japan,Japan
"<s>[INST]Consider Central Black Forest.
Which country is this landmark in? Answer in a single word.[/INST]",Germany,Germany
"<s>[INST]Consider Sahneh County.
Which country is this landmark in? Answer in a single word.[/INST]",Iran,Iran
"<s>[INST]Consider Glencree.
Which country is this landmark in? Answer in a single word.[/INST]",I,I
"<s>[INST]Consider Bzura.
Which country is this landmark in? Answer in a single word.[/INST]",Pol,Pol
"<s>[INST]Consider Emba River.
Which country is this landmark in? Answer in a single word.[/INST]",K,Z
"<s>[INST]Consider Wallmerod.
Which country is this landmark in? Answer in a single word.[/INST]",Germany,Germany
"<s>[INST]Consider Mark Isham.
What instrument does this person play? Answer in a single word.[/INST]",tr,tr
"<s>[INST]Consider Tom Waits.
What instrument does this person play? Answer in a single word.[/INST]",p,p
"<s>[INST]Consider Terry Trotter.
What instrument does this person play? Answer in a single word.[/INST]",p,p
"<s>[INST]Consider Roy Paci.
What instrument does this person play? Answer in a single word.[/INST]",tr,tr
"<s>[INST]Consider Mike Scaccia.
What instrument does this person play? Answer in a single word.[/INST]",gu,gu
"<s>[INST]Consider Robert Fripp.
What instrument does this person play? Answer in a single word.[/INST]",gu,gu
"<s>[INST]Consider Kye Palmer.
What instrument does this person play? Answer in a single word.[/INST]",tr,p
"<s>[INST]Consider Herbie Nichols.
What instrument does this person play? Answer in a single word.[/INST]",p,p
"<s>[INST]Consider Jean-Jacques Goldman.
What instrument does this person play? Answer in a single word.[/INST]",p,p
"<s>[INST]Consider John Fogerty.
What instrument does this person play? Answer in a single word.[/INST]",gu,gu
"<s>[INST]Consider Brad Delson.
What instrument does this person play? Answer in a single word.[/INST]",gu,gu
"<s>[INST]Consider Pepeu Gomes.
What instrument does this person play? Answer in a single word.[/INST]",gu,gu
"<s>[INST]Consider Hilary Hahn.
What instrument does this person play? Answer in a single word.[/INST]",vi,vi
"<s>[INST]Consider Dizzy Reed.
What instrument does this person play? Answer in a single word.[/INST]",p,p
"<s>[INST]Consider Mark O'Connor.
What instrument does this person play? Answer in a single word.[/INST]",vi,vi
"<s>[INST]Consider Chris Thile.
What instrument does this person play? Answer in a single word.[/INST]",gu,vi
"<s>[INST]Consider Sarah Cahill.
What instrument does this person play? Answer in a single word.[/INST]",p,p
"<s>[INST]Consider Bert Joris.
What instrument does this person play? Answer in a single word.[/INST]",tr,tr
"<s>[INST]Consider Jeanne Lamon.
What instrument does this person play? Answer in a single word.[/INST]",vi,vi
"<s>[INST]Consider Michael Mantler.
What instrument does this person play? Answer in a single word.[/INST]",tr,tr
"<s>[INST]Consider Ma Sicong.
What instrument does this person play? Answer in a single word.[/INST]",vi,p
"<s>[INST]Consider Ted Dwane.
What instrument does this person play? Answer in a single word.[/INST]",gu,gu
"<s>[INST]Consider Mercer Ellington.
What instrument does this person play? Answer in a single word.[/INST]",tr,tr
"<s>[INST]Consider Clifford Curzon.
What instrument does this person play? Answer in a single word.[/INST]",p,p
"<s>[INST]Consider Friedrich Gulda.
What instrument does this person play? Answer in a single word.[/INST]",p,p
"<s>[INST]Consider Sheryl Crow.
What instrument does this person play? Answer in a single word.[/INST]",gu,gu
"<s>[INST]Consider Millard Powers.
What instrument does this person play? Answer in a single word.[/INST]",p,tr
"<s>[INST]Consider Skylar Grey.
What instrument does this person play? Answer in a single word.[/INST]",p,p
"<s>[INST]Consider Edvard Grieg.
What instrument does this person play? Answer in a single word.[/INST]",p,p
"<s>[INST]Consider Gunnar Andreas Berg.
What instrument does this person play? Answer in a single word.[/INST]",gu,p
"<s>[INST]Consider Melissa Etheridge.
What instrument does this person play? Answer in a single word.[/INST]",gu,gu
"<s>[INST]Consider Georgie Fame.
What instrument does this person play? Answer in a single word.[/INST]",p,p
"<s>[INST]Consider Corky Siegel.
What instrument does this person play? Answer in a single word.[/INST]",p,p
"<s>[INST]Consider Doc Severinsen.
What instrument does this person play? Answer in a single word.[/INST]",tr,tr
"<s>[INST]Consider Bella Davidovich.
What instrument does this person play? Answer in a single word.[/INST]",p,p
"<s>[INST]Consider Matthew Tuck.
What instrument does this person play? Answer in a single word.[/INST]",gu,gu
"<s>[INST]Consider Franz Anton Ries.
What instrument does this person play? Answer in a single word.[/INST]",vi,vi
"<s>[INST]Consider Arthur Rubinstein.
What instrument does this person play? Answer in a single word.[/INST]",p,p
"<s>[INST]Consider Eric Clapton.
What instrument does this person play? Answer in a single word.[/INST]",vi,gu
"<s>[INST]Consider George Enescu.
What instrument does this person play? Answer in a single word.[/INST]",vi,vi
"<s>[INST]Consider Johannes Brahms.
What instrument does this person play? Answer in a single word.[/INST]",p,p
"<s>[INST]Consider Linda Brava.
What instrument does this person play? Answer in a single word.[/INST]",vi,tr
"<s>[INST]Consider Raoul Pugno.
What instrument does this person play? Answer in a single word.[/INST]",p,p
"<s>[INST]Consider Pete Jolly.
What instrument does this person play? Answer in a single word.[/INST]",p,p
"<s>[INST]Consider David Isberg.
What instrument does this person play? Answer in a single word.[/INST]",gu,tr
"<s>[INST]Consider Adam Deibert.
What instrument does this person play? Answer in a single word.[/INST]",tr,tr
"<s>[INST]Consider Ralph Alessi.
What instrument does this person play? Answer in a single word.[/INST]",tr,tr
"<s>[INST]Consider Count Basie.
What instrument does this person play? Answer in a single word.[/INST]",p,p
"<s>[INST]Consider Al Kooper.
What instrument does this person play? Answer in a single word.[/INST]",p,p
"<s>[INST]Consider Eric Clapton.
What instrument does this person play? Answer in a single word.[/INST]",gu,gu
"<s>[INST]Consider Maynard Ferguson.
What instrument does this person play? Answer in a single word.[/INST]",tr,tr
"<s>[INST]Consider Johann Stamitz.
What instrument does this person play? Answer in a single word.[/INST]",vi,vi
"<s>[INST]Consider Edmund Neupert.
What instrument does this person play? Answer in a single word.[/INST]",p,vi
"<s>[INST]Consider Gerard Presencer.
What instrument does this person play? Answer in a single word.[/INST]",tr,tr
"<s>[INST]Consider Rodrigo Prats.
What instrument does this person play? Answer in a single word.[/INST]",vi,tr
"<s>[INST]Consider Friedrich Wieck.
What instrument does this person play? Answer in a single word.[/INST]",p,p
"<s>[INST]Consider Sergiu Luca.
What instrument does this person play? Answer in a single word.[/INST]",vi,p
"<s>[INST]Consider Tim Vesely.
What instrument does this person play? Answer in a single word.[/INST]",gu,tr
"<s>[INST]Consider Eddie Palmieri.
What instrument does this person play? Answer in a single word.[/INST]",p,p
"<s>[INST]Consider Gerry Beckley.
What instrument does this person play? Answer in a single word.[/INST]",p,gu
"<s>[INST]Consider Mel Schacher.
What instrument does this person play? Answer in a single word.[/INST]",gu,p
"<s>[INST]Consider Matt Riddle.
What instrument does this person play? Answer in a single word.[/INST]",gu,p
"<s>[INST]Consider Michael Nyman.
What instrument does this person play? Answer in a single word.[/INST]",p,p
"<s>[INST]Consider Garth Brooks.
What instrument does this person play? Answer in a single word.[/INST]",p,gu
"<s>[INST]Consider Ed O'Brien.
What instrument does this person play? Answer in a single word.[/INST]",gu,gu
"<s>[INST]Consider Les Claypool.
What instrument does this person play? Answer in a single word.[/INST]",gu,gu
"<s>[INST]Consider Ashley Hutchings.
What instrument does this person play? Answer in a single word.[/INST]",vi,vi
"<s>[INST]Consider Millard Powers.
What instrument does this person play? Answer in a single word.[/INST]",gu,tr
"<s>[INST]Consider Nikki Iles.
What instrument does this person play? Answer in a single word.[/INST]",p,p
"<s>[INST]Consider Claus Schall.
What instrument does this person play? Answer in a single word.[/INST]",vi,tr
"<s>[INST]Consider Herbert Fryer.
What instrument does this person play? Answer in a single word.[/INST]",p,tr
"<s>[INST]Consider Boris Berman.
What instrument does this person play? Answer in a single word.[/INST]",p,p
"<s>[INST]Consider Lee Mavers.
What instrument does this person play? Answer in a single word.[/INST]",gu,gu
"<s>[INST]Consider Henry Busse.
What instrument does this person play? Answer in a single word.[/INST]",tr,tr
"<s>[INST]Consider Nikolai Kapustin.
What instrument does this person play? Answer in a single word.[/INST]",p,p
"<s>[INST]Consider Geoff Eales.
What instrument does this person play? Answer in a single word.[/INST]",p,p
"<s>[INST]Consider John Mayall.
What instrument does this person play? Answer in a single word.[/INST]",gu,gu
"<s>[INST]Consider Michael Denner.
What instrument does this person play? Answer in a single word.[/INST]",gu,gu
"<s>[INST]Consider Marcelo Camelo.
What instrument does this person play? Answer in a single word.[/INST]",gu,gu
"<s>[INST]Consider Aretha Franklin.
What instrument does this person play? Answer in a single word.[/INST]",p,sing
"<s>[INST]Consider Percy Grainger.
What instrument does this person play? Answer in a single word.[/INST]",p,p
"<s>[INST]Consider Boris Belkin.
What instrument does this person play? Answer in a single word.[/INST]",vi,p
"<s>[INST]Consider Thad Jones.
What instrument does this person play? Answer in a single word.[/INST]",tr,tr
"<s>[INST]Consider Stephen Hough.
What instrument does this person play? Answer in a single word.[/INST]",p,p
"<s>[INST]Consider Mark Feldman.
What instrument does this person play? Answer in a single word.[/INST]",vi,tr
"<s>[INST]Consider Dennis Coffey.
What instrument does this person play? Answer in a single word.[/INST]",gu,gu
"<s>[INST]Consider William Bolcom.
What instrument does this person play? Answer in a single word.[/INST]",p,p
"<s>[INST]Consider Tania Maria.
What instrument does this person play? Answer in a single word.[/INST]",p,p
"<s>[INST]Consider Ray Reach.
What instrument does this person play? Answer in a single word.[/INST]",p,tr
"<s>[INST]Consider Jane Getz.
What instrument does this person play? Answer in a single word.[/INST]",p,tr
"<s>[INST]Consider Cow Cow Davenport.
What instrument does this person play? Answer in a single word.[/INST]",p,p
"<s>[INST]Consider Chris Hillman.
What instrument does this person play? Answer in a single word.[/INST]",gu,gu
"<s>[INST]Consider Henry Halstead.
What instrument does this person play? Answer in a single word.[/INST]",vi,tr
"<s>[INST]Consider Jonas Berggren.
What instrument does this person play? Answer in a single word.[/INST]",gu,sing
"<s>[INST]Consider Paul McCartney.
What instrument does this person play? Answer in a single word.[/INST]",p,gu
"<s>[INST]Consider Rick Wakeman.
What instrument does this person play? Answer in a single word.[/INST]",p,p
"<s>[INST]Consider Rob Zombie.
What instrument does this person play? Answer in a single word.[/INST]",gu,gu
"<s>[INST]Consider Jared Leto.
What instrument does this person play? Answer in a single word.[/INST]",vi,p
"<s>[INST]Consider Suna Kan.
What instrument does this person play? Answer in a single word.[/INST]",vi,p
"<s>[INST]Consider Neil Hagerty.
What instrument does this person play? Answer in a single word.[/INST]",gu,gu
"<s>[INST]Consider John Hiatt.
What instrument does this person play? Answer in a single word.[/INST]",gu,gu
"<s>[INST]Consider Nat King Cole.
What instrument does this person play? Answer in a single word.[/INST]",p,p
"<s>[INST]Consider Giuseppe Torelli.
What instrument does this person play? Answer in a single word.[/INST]",vi,vi
"<s>[INST]Consider Antonio Rolla.
What instrument does this person play? Answer in a single word.[/INST]",vi,vi
"<s>[INST]Consider Johann Strauss I.
What instrument does this person play? Answer in a single word.[/INST]",vi,vi
"<s>[INST]Consider Tom Barman.
What instrument does this person play? Answer in a single word.[/INST]",vi,tr
"<s>[INST]Consider Marc Ribot.
What instrument does this person play? Answer in a single word.[/INST]",gu,gu
"<s>[INST]Consider Julian Rachlin.
What instrument does this person play? Answer in a single word.[/INST]",vi,vi
"<s>[INST]Consider Al Hirt.
What instrument does this person play? Answer in a single word.[/INST]",tr,tr
"<s>[INST]Consider Phranc.
What instrument does this person play? Answer in a single word.[/INST]",gu,gu
"<s>[INST]Consider Franz Benda.
What instrument does this person play? Answer in a single word.[/INST]",vi,vi
"<s>[INST]Consider Norbert Brainin.
What instrument does this person play? Answer in a single word.[/INST]",vi,vi
"<s>[INST]Consider Francis Poulenc.
What instrument does this person play? Answer in a single word.[/INST]",p,p
"<s>[INST]Consider Jason Rebello.
What instrument does this person play? Answer in a single word.[/INST]",p,p
"<s>[INST]Consider Marco Benevento.
What instrument does this person play? Answer in a single word.[/INST]",p,p
"<s>[INST]Consider Gene Pitney.
What instrument does this person play? Answer in a single word.[/INST]",p,sing
"<s>[INST]Consider Tim Gaines.
What instrument does this person play? Answer in a single word.[/INST]",gu,gu
"<s>[INST]Consider Derek Trucks.
What instrument does this person play? Answer in a single word.[/INST]",slide,gu
"<s>[INST]Consider Bob Alcivar.
What instrument does this person play? Answer in a single word.[/INST]",p,tr
"<s>[INST]Consider Pat Sansone.
What instrument does this person play? Answer in a single word.[/INST]",gu,gu
"<s>[INST]Consider CÃ©line Dion.
What instrument does this person play? Answer in a single word.[/INST]",p,sing
"<s>[INST]Consider Daniel Mongrain.
What instrument does this person play? Answer in a single word.[/INST]",gu,gu
"<s>[INST]Consider Nat Gonella.
What instrument does this person play? Answer in a single word.[/INST]",tr,tr
"<s>[INST]Consider Jimi Hendrix.
What instrument does this person play? Answer in a single word.[/INST]",gu,gu
"<s>[INST]Consider Rubin Goldmark.
What instrument does this person play? Answer in a single word.[/INST]",p,p
"<s>[INST]Consider Gustavo Laureano.
What instrument does this person play? Answer in a single word.[/INST]",gu,tr
"<s>[INST]Consider Marin Alsop.
What instrument does this person play? Answer in a single word.[/INST]",vi,vi
"<s>[INST]Consider Kenneth Leighton.
What instrument does this person play? Answer in a single word.[/INST]",p,p
"<s>[INST]Consider Jared Leto.
What instrument does this person play? Answer in a single word.[/INST]",gu,p
"<s>[INST]Consider Francisco Canaro.
What instrument does this person play? Answer in a single word.[/INST]",vi,vi
"<s>[INST]Consider Giuseppe Tartini.
What instrument does this person play? Answer in a single word.[/INST]",vi,vi
"<s>[INST]Consider Paul Anka.
What instrument does this person play? Answer in a single word.[/INST]",p,sing
"<s>[INST]Consider Wild Bill Davis.
What instrument does this person play? Answer in a single word.[/INST]",p,p
"<s>[INST]Consider Philip Fowke.
What instrument does this person play? Answer in a single word.[/INST]",p,p
"<s>[INST]Consider Derek Trucks.
What instrument does this person play? Answer in a single word.[/INST]",gu,gu
"<s>[INST]Consider Nigel Butterley.
What instrument does this person play? Answer in a single word.[/INST]",p,p
"<s>[INST]Consider Liz Phair.
What instrument does this person play? Answer in a single word.[/INST]",gu,gu
"<s>[INST]Consider Seth Lakeman.
What instrument does this person play? Answer in a single word.[/INST]",vi,vi
"<s>[INST]Consider Carla Bley.
What instrument does this person play? Answer in a single word.[/INST]",p,p
